date,pm2_5_mean,pm10_mean,ozone_mean
2025-09-01,5.104166666666667,6.1875,102.54166666666667
2025-09-02,4.970833333333333,5.758333333333333,91.875
2025-09-03,4.966666666666667,6.291666666666667,89.29166666666667
2025-09-04,5.716666666666666,7.254166666666666,89.95833333333333
2025-09-05,5.233333333333333,6.908333333333334,76.75
2025-09-06,4.008333333333334,5.104166666666667,57.916666666666664
2025-09-07,6.325,6.7625,66.95833333333333
2025-09-08,4.958333333333333,5.629166666666666,73.625
2025-09-09,6.141666666666667,7.066666666666666,90.16666666666667
2025-09-10,7.070833333333333,7.579166666666667,96.375
2025-09-11,11.579166666666666,11.9375,99.16666666666667
2025-09-12,9.833333333333334,10.295833333333333,74.58333333333333
2025-09-13,6.1625000000000005,6.9125000000000005,98.5
2025-09-14,5.658333333333334,6.583333333333333,95.70833333333333
2025-09-15,6.141666666666667,7.095833333333334,100.125
2025-09-16,6.8125,8.1875,101.33333333333333
2025-09-17,8.112499999999999,9.85,95.25
2025-09-18,8.904166666666667,10.308333333333334,85.0
2025-09-19,11.416666666666666,12.895833333333334,91.41666666666667
2025-09-20,8.679166666666667,9.979166666666666,94.16666666666667
2025-09-21,6.4125000000000005,8.325000000000001,83.20833333333333
2025-09-22,4.891666666666667,6.2875000000000005,76.58333333333333
2025-09-23,5.9750000000000005,7.55,70.83333333333333
2025-09-24,7.4375,8.674999999999999,71.125
2025-09-25,4.716666666666667,5.825,51.041666666666664
2025-09-26,3.5083333333333333,4.533333333333333,43.25
2025-09-27,4.1875,4.816666666666666,45.166666666666664
2025-09-28,7.5625,8.0875,69.5
2025-09-29,3.6333333333333333,4.145833333333333,59.416666666666664
2025-09-30,4.720833333333333,5.4125000000000005,62.708333333333336
2025-10-01,10.041666666666666,10.870833333333332,84.20833333333333
2025-10-02,6.095833333333334,8.083333333333334,86.33333333333333
2025-10-03,5.966666666666666,7.9750000000000005,79.79166666666667
2025-10-04,3.8958333333333335,5.604166666666667,77.125
2025-10-05,3.7875,5.358333333333333,73.41666666666667
2025-10-06,3.954166666666667,5.658333333333332,66.70833333333333
2025-10-07,4.204166666666667,5.966666666666666,66.16666666666667
2025-10-08,5.679166666666667,7.816666666666666,66.79166666666667
2025-10-09,5.133333333333334,6.508333333333333,68.0
2025-10-10,2.970833333333333,3.466666666666667,78.91666666666667
2025-10-11,2.629166666666667,2.783333333333333,78.91666666666667
2025-10-12,4.325,4.7749999999999995,78.16666666666667
2025-10-13,5.841666666666666,6.4125000000000005,79.58333333333333
2025-10-14,8.195833333333333,8.495833333333334,81.29166666666667
2025-10-15,6.841666666666668,7.291666666666667,77.20833333333333
2025-10-16,4.145833333333333,4.866666666666666,89.79166666666667
2025-10-17,5.454166666666667,7.158333333333334,93.75
2025-10-18,4.9624999999999995,6.625,87.95833333333333
2025-10-19,4.8374999999999995,6.316666666666666,78.25
2025-10-20,4.8374999999999995,5.6875,81.04166666666667
2025-10-21,6.895833333333333,8.858333333333333,77.20833333333333
2025-10-22,9.204166666666667,10.033333333333333,83.79166666666667
2025-10-23,3.6999999999999997,3.8208333333333333,87.91666666666667
2025-10-24,3.6958333333333333,4.758333333333334,96.375
2025-10-25,4.004166666666666,5.370833333333334,99.5
2025-10-26,4.408333333333333,5.8500000000000005,82.08333333333333
2025-10-27,2.4125,2.7416666666666667,62.416666666666664
2025-10-28,4.8500000000000005,5.029166666666667,63.625
2025-10-29,3.658333333333333,3.891666666666667,72.625
2025-10-30,6.833333333333333,6.866666666666667,70.20833333333333
2025-10-31,9.941666666666666,10.045833333333333,64.16666666666667
2025-11-01,5.308333333333334,5.420833333333333,75.20833333333333
2025-11-02,4.529166666666667,5.075,91.58333333333333
2025-11-03,2.6958333333333333,2.7583333333333333,86.04166666666667
2025-11-04,5.220833333333333,6.020833333333333,89.33333333333333
2025-11-05,7.041666666666667,9.141666666666667,80.70833333333333
2025-11-06,9.716666666666667,10.579166666666667,76.79166666666667
2025-11-07,8.475,10.133333333333333,87.08333333333333
2025-11-08,5.154166666666667,6.258333333333333,72.66666666666667
2025-11-09,3.75,4.9,62.583333333333336
2025-11-10,2.9625000000000004,3.0208333333333335,69.625
2025-11-11,3.2583333333333333,3.3166666666666664,65.25
2025-11-12,4.595833333333333,4.754166666666666,59.333333333333336
2025-11-13,2.654166666666667,2.795833333333333,68.125
2025-11-14,6.095833333333334,6.283333333333334,73.58333333333333
2025-11-15,7.8875,9.9375,84.70833333333333
2025-11-16,6.495833333333334,8.012500000000001,86.66666666666667
2025-11-17,6.091666666666666,6.541666666666667,71.79166666666667
2025-11-18,9.041666666666666,10.529166666666667,71.83333333333333
2025-11-19,12.0625,13.075000000000001,71.20833333333333
2025-11-20,10.6375,10.954166666666666,67.95833333333333
2025-11-21,12.054166666666667,12.245833333333332,72.25
2025-11-22,7.995833333333334,8.658333333333333,77.33333333333333
2025-11-23,9.391666666666667,10.458333333333334,66.125
2025-11-24,13.454166666666666,14.395833333333334,64.04166666666667
2025-11-25,7.875,9.320833333333333,72.41666666666667
2025-11-26,9.733333333333333,10.991666666666667,57.5
2025-11-27,2.4166666666666665,2.6333333333333333,68.29166666666667
2025-11-28,1.7541666666666667,1.7666666666666666,65.91666666666667
2025-11-29,3.533333333333333,4.283333333333333,70.83333333333333
2025-11-30,5.4125000000000005,7.0375000000000005,72.66666666666667
2025-12-01,8.145833333333334,10.083333333333334,64.16666666666667
2025-12-02,4.875,5.920833333333333,59.75
2025-12-03,4.6499999999999995,4.6875,61.958333333333336
2025-12-04,8.291666666666666,8.358333333333333,63.083333333333336
2025-12-05,7.1499999999999995,8.2875,68.54166666666667
2025-12-06,6.441666666666666,6.7,45.75
2025-12-07,6.758333333333333,6.925,57.291666666666664
2025-12-08,4.583333333333333,4.6499999999999995,57.333333333333336
2025-12-09,10.395833333333334,10.816666666666668,60.375
2025-12-10,9.304166666666667,9.879166666666666,60.0
2025-12-11,5.4750000000000005,5.745833333333334,65.25
2025-12-12,13.295833333333334,13.595833333333333,56.666666666666664
2025-12-13,17.962500000000002,18.724999999999998,56.5
2025-12-14,10.216666666666667,11.325000000000001,57.375
2025-12-15,3.233333333333333,3.720833333333333,70.79166666666667
2025-12-16,5.8625,7.079166666666667,64.04166666666667
2025-12-17,7.45,9.299999999999999,62.583333333333336
2025-12-18,6.7625,8.583333333333334,61.958333333333336
2025-12-19,3.4,4.075,72.45833333333333
2025-12-20,4.05,4.2124999999999995,58.958333333333336
2025-12-21,9.375,10.4625,60.625
2025-12-22,5.3,6.595833333333334,71.91666666666667
2025-12-23,9.783333333333333,12.450000000000001,64.20833333333333
2025-12-24,12.674999999999999,14.441666666666668,52.166666666666664
2025-12-25,9.65,10.183333333333334,62.958333333333336
2025-12-26,7.158333333333334,7.366666666666667,74.45833333333333
2025-12-27,5.545833333333333,6.916666666666667,60.708333333333336
2025-12-28,6.791666666666667,8.066666666666666,55.958333333333336
2025-12-29,4.058333333333334,4.458333333333333,62.208333333333336
2025-12-30,1.55,1.5625,63.708333333333336
2025-12-31,2.1750000000000003,2.2083333333333335,56.25
2026-01-01,5.908333333333334,6.204166666666667,67.70833333333333
2026-01-02,9.345833333333333,11.575000000000001,72.66666666666667
2026-01-03,3.983333333333333,5.029166666666667,73.33333333333333
2026-01-04,5.441666666666666,5.779166666666666,58.666666666666664
2026-01-05,8.025,9.341666666666667,53.666666666666664
2026-01-06,11.025,12.1,50.5
2026-01-07,6.954166666666667,8.762500000000001,64.41666666666667
2026-01-08,10.808333333333332,12.404166666666667,58.166666666666664
2026-01-09,9.875,11.370833333333332,60.208333333333336
2026-01-10,5.816666666666666,6.929166666666667,57.041666666666664
2026-01-11,5.183333333333334,5.8625,62.75
2026-01-12,3.733333333333333,4.391666666666667,70.83333333333333
2026-01-13,6.820833333333333,8.4625,61.166666666666664
2026-01-14,8.854166666666666,10.325000000000001,65.04166666666667
2026-01-15,3.641666666666667,4.045833333333333,66.70833333333333
2026-01-16,5.729166666666667,5.879166666666666,60.125
2026-01-17,9.591666666666667,10.7125,65.70833333333333
2026-01-18,9.704166666666667,10.258333333333333,55.166666666666664
2026-01-19,5.933333333333334,6.016666666666667,64.625
2026-01-20,2.2958333333333334,2.3583333333333334,65.29166666666667
2026-01-21,8.704166666666667,10.1875,67.95833333333333
2026-01-22,8.666666666666666,10.545833333333333,68.75
2026-01-23,8.820833333333333,11.054166666666667,70.20833333333333
2026-01-24,8.616666666666667,10.033333333333333,67.29166666666667
2026-01-25,4.395833333333333,5.779166666666666,63.0
2026-01-26,3.6833333333333336,4.195833333333334,68.16666666666667
2026-01-27,4.55,4.55,73.20833333333333
2026-01-28,2.908333333333333,2.966666666666667,73.29166666666667
2026-01-29,9.6,9.991666666666667,75.91666666666667
2026-01-30,9.108333333333333,10.887500000000001,75.04166666666667
2026-01-31,12.275,13.404166666666667,72.625
2026-02-01,4.954166666666667,4.970833333333333,72.70833333333333
2026-02-02,3.0708333333333333,3.1374999999999997,68.58333333333333
2026-02-03,6.0874999999999995,7.104166666666667,74.25
2026-02-04,7.958333333333333,9.845833333333333,79.70833333333333
2026-02-05,10.637500000000001,11.145833333333334,74.58333333333333
2026-02-06,7.6499999999999995,8.225,78.45833333333333
2026-02-07,4.783333333333333,4.9125000000000005,73.79166666666667
2026-02-08,9.991666666666667,10.075000000000001,73.79166666666667
2026-02-09,12.008333333333333,12.820833333333333,70.16666666666667
2026-02-10,7.170833333333333,7.5125,79.58333333333333
2026-02-11,6.0375000000000005,7.741666666666667,88.95833333333333
2026-02-12,6.858333333333333,7.6375,80.5
2026-02-13,9.025,10.6,83.54166666666667
2026-02-14,5.691666666666666,7.3125,85.70833333333333
2026-02-15,3.716666666666667,4.558333333333334,82.83333333333333
2026-02-16,5.829166666666667,6.291666666666667,80.20833333333333
2026-02-17,6.308333333333334,8.075000000000001,89.83333333333333
2026-02-18,5.379166666666666,6.833333333333333,84.45833333333333
2026-02-19,7.1625000000000005,8.816666666666666,78.66666666666667
2026-02-20,7.045833333333333,8.6,75.33333333333333
2026-02-21,6.054166666666667,7.270833333333333,68.54166666666667
2026-02-22,5.6625000000000005,6.533333333333334,85.91666666666667
2026-02-23,1.9875,2.0458333333333334,84.375
2026-02-24,8.7125,8.904166666666667,77.41666666666667
2026-02-25,6.979166666666667,8.395833333333334,81.79166666666667
2026-02-26,7.158333333333334,8.5875,88.91666666666667
2026-02-27,8.875,10.575,74.75
2026-02-28,9.254166666666666,9.770833333333334,75.41666666666667
2026-03-01,7.3500000000000005,7.6625000000000005,88.70833333333333
2026-03-02,8.1875,9.716666666666667,88.54166666666667
2026-03-03,5.854166666666667,7.7749999999999995,82.33333333333333
2026-03-04,7.55,9.570833333333333,69.95833333333333
2026-03-05,6.533333333333334,8.5375,62.791666666666664
2026-03-06,6.908333333333334,8.845833333333333,56.625
2026-03-07,6.075,8.041666666666666,58.75
2026-03-08,6.508333333333333,8.045833333333333,60.791666666666664
2026-03-09,4.875,6.320833333333333,55.541666666666664
2026-03-10,3.8666666666666667,4.7625,54.375
2026-03-11,7.258333333333333,8.133333333333333,62.958333333333336
2026-03-12,4.9750000000000005,6.0249999999999995,67.79166666666667
2026-03-13,6.6000000000000005,8.329166666666667,101.625
2026-03-14,5.695833333333333,7.558333333333334,94.04166666666667
2026-03-15,6.708333333333333,8.1625,71.20833333333333
2026-03-16,4.795833333333333,5.729166666666667,69.125
2026-03-17,5.579166666666667,5.966666666666666,96.25
2026-03-18,3.4583333333333335,3.6374999999999997,103.20833333333333
2026-03-19,3.391666666666667,3.8625000000000003,108.625
2026-03-20,3.875,4.7375,102.375
2026-03-21,10.283333333333333,11.112499999999999,109.25
2026-03-22,7.762499999999999,9.716666666666667,107.70833333333333
2026-03-23,4.679166666666666,5.954166666666667,96.75
2026-03-24,7.595833333333334,8.916666666666666,91.0
2026-03-25,5.675,7.291666666666667,103.08333333333333
2026-03-26,5.158333333333333,6.833333333333333,92.79166666666667
2026-03-27,8.854166666666666,9.920833333333333,88.08333333333333
2026-03-28,5.55,6.141666666666667,85.95833333333333
2026-03-29,9.3375,11.920833333333334,114.91666666666667
2026-03-30,6.920833333333333,9.520833333333334,101.45833333333333
2026-03-31,6.166666666666667,8.641666666666667,88.45833333333333
2026-04-01,7.883333333333333,11.429166666666667,84.91666666666667
2026-04-02,5.05,7.108333333333333,83.125
2026-04-03,6.491666666666667,9.154166666666667,79.58333333333333
2026-04-04,5.579166666666667,8.012500000000001,75.45833333333333
2026-04-05,5.108333333333333,6.908333333333334,71.33333333333333
2026-04-06,10.700000000000001,11.716666666666667,75.375
2026-04-07,9.183333333333334,10.216666666666667,94.25
2026-04-08,7.641666666666667,9.729166666666666,102.16666666666667
2026-04-09,7.4750000000000005,9.683333333333334,107.29166666666667
2026-04-10,7.829166666666667,10.370833333333334,103.95833333333333
2026-04-11,6.991666666666667,9.466666666666667,95.08333333333333
2026-04-12,5.1625000000000005,6.958333333333333,92.375
2026-04-13,7.05,9.645833333333334,95.33333333333333
2026-04-14,7.2250000000000005,10.158333333333333,93.79166666666667
2026-04-15,6.508333333333333,8.620833333333334,93.45833333333333
2026-04-16,6.925,9.049999999999999,91.58333333333333
2026-04-17,5.966666666666666,6.6875,94.83333333333333
2026-04-18,5.183333333333333,6.041666666666667,97.25
2026-04-19,5.3999999999999995,6.4375,91.91666666666667
2026-04-20,5.075,6.141666666666667,112.91666666666667
2026-04-21,5.7875000000000005,9.533333333333333,110.0
2026-04-22,7.2,9.933333333333334,97.08333333333333
2026-04-23,7.2375,9.2125,92.33333333333333
2026-04-24,7.854166666666667,10.0375,95.375
2026-04-25,8.558333333333334,9.779166666666667,88.5
2026-04-26,6.008333333333333,7.691666666666666,80.75
2026-04-27,6.875,8.066666666666666,94.875
2026-04-28,6.4750000000000005,9.0625,93.125
2026-04-29,5.383333333333333,7.245833333333334,86.875
2026-04-30,3.6333333333333333,4.729166666666667,86.70833333333333
2026-05-01,8.483333333333333,9.783333333333333,87.45833333333333
2026-05-02,9.5875,10.216666666666667,73.45833333333333
2026-05-03,7.95,8.433333333333334,102.66666666666667
2026-05-04,7.058333333333334,9.424999999999999,109.04166666666667
2026-05-05,5.545833333333333,7.391666666666667,108.08333333333333
2026-05-06,8.129166666666666,9.966666666666667,95.54166666666667
2026-05-07,6.070833333333333,7.158333333333334,86.83333333333333
2026-05-08,9.75,10.9625,71.5
2026-05-09,14.216666666666667,15.091666666666667,72.41666666666667
2026-05-10,10.737499999999999,11.516666666666666,63.041666666666664
2026-05-11,11.933333333333332,13.766666666666666,49.291666666666664
2026-05-12,6.375,6.7375,65.79166666666667
2026-05-13,5.2749999999999995,6.3,63.208333333333336
2026-05-14,8.225,9.8375,80.41666666666667
2026-05-15,5.45,6.6625000000000005,97.75
2026-05-16,7.7875000000000005,10.308333333333334,90.66666666666667
2026-05-17,6.816666666666666,9.258333333333333,76.41666666666667
2026-05-18,8.320833333333333,12.116666666666667,84.0
2026-05-19,6.8,9.733333333333333,63.041666666666664
2026-05-20,7.854166666666667,10.833333333333334,63.583333333333336
2026-05-21,5.895833333333333,7.658333333333334,65.25
2026-05-22,5.958333333333333,7.679166666666667,67.33333333333333
2026-05-23,6.758333333333333,8.6875,64.125
2026-05-24,7.1000000000000005,8.995833333333334,61.375
2026-05-25,7.6375,10.208333333333334,56.833333333333336
2026-05-26,6.708333333333333,9.104166666666666,53.916666666666664
2026-05-27,7.4375,9.808333333333334,53.041666666666664
2026-05-28,6.304166666666667,8.0875,48.958333333333336
2026-05-29,8.616666666666667,10.508333333333333,48.333333333333336
2026-05-30,10.316666666666666,12.862499999999999,42.833333333333336
2026-05-31,9.3125,12.137500000000001,44.583333333333336
2026-06-01,9.820833333333333,12.454166666666666,58.625
2026-06-02,7.545833333333333,8.808333333333334,73.20833333333333
2026-06-03,7.825,11.575000000000001,95.625
2026-06-04,7.954166666666667,11.637500000000001,92.91666666666667
2026-06-05,8.204166666666667,11.612499999999999,81.83333333333333
2026-06-06,7.158333333333334,10.725,72.41666666666667
2026-06-07,7.020833333333333,10.020833333333334,71.625
2026-06-08,9.625,13.237499999999999,71.875
2026-06-09,8.049999999999999,11.320833333333333,54.5
2026-06-10,6.0874999999999995,8.120833333333334,58.791666666666664
2026-06-11,9.904166666666667,12.325000000000001,72.66666666666667
2026-06-12,6.304166666666666,7.5625,48.958333333333336
2026-06-13,7.7749999999999995,9.433333333333334,46.875
2026-06-14,7.108333333333333,8.9625,45.875
2026-06-15,8.191666666666666,11.416666666666666,44.791666666666664
2026-06-16,7.033333333333334,9.887500000000001,44.416666666666664
2026-06-17,8.829166666666667,12.220833333333333,49.875
2026-06-18,6.495833333333334,8.454166666666667,50.375
2026-06-19,8.404166666666667,11.737499999999999,46.333333333333336
2026-06-20,8.370833333333334,11.470833333333333,41.416666666666664
2026-06-21,6.095833333333334,7.808333333333334,37.041666666666664
2026-06-22,5.8125,7.533333333333334,37.625
2026-06-23,6.608333333333333,9.316666666666666,47.791666666666664
2026-06-24,10.729166666666666,12.129166666666668,77.91666666666667
2026-06-25,11.8375,13.304166666666667,77.79166666666667
2026-06-26,8.15,10.279166666666667,51.041666666666664
2026-06-27,9.354166666666666,12.295833333333334,50.041666666666664
2026-06-28,9.558333333333334,11.8125,55.666666666666664
2026-06-29,7.091666666666666,8.1875,53.166666666666664
2026-06-30,10.4375,12.220833333333333,64.04166666666667
2026-07-01,8.166666666666666,11.075000000000001,68.25
2026-07-02,9.854166666666666,13.5875,71.45833333333333
2026-07-03,5.5249999999999995,7.441666666666666,57.25
2026-07-04,7.295833333333333,8.329166666666667,75.0
2026-07-05,6.3374999999999995,7.791666666666667,54.375
2026-07-06,5.154166666666667,6.8374999999999995,46.416666666666664
2026-07-07,4.3500000000000005,5.816666666666666,47.541666666666664
2026-07-08,4.066666666666666,5.5249999999999995,46.458333333333336
2026-07-09,8.5875,17.154166666666665,46.458333333333336
2026-07-10,13.325000000000001,26.770833333333332,53.166666666666664
2026-07-11,11.0,18.604166666666668,60.666666666666664
2026-07-12,7.279166666666666,12.549999999999999,46.166666666666664
2026-07-13,12.179166666666667,27.150000000000002,44.25
2026-07-14,14.375,28.454166666666666,47.041666666666664
2026-07-15,16.325,28.925,47.958333333333336
2026-07-16,8.975,10.941666666666668,71.375
2026-07-17,13.029166666666667,13.254166666666668,78.25
2026-07-18,13.637500000000001,17.037499999999998,68.75
2026-07-19,11.237499999999999,16.325,52.916666666666664
2026-07-20,10.6,14.058333333333335,66.08333333333333
2026-07-21,12.025,17.55,66.375
2026-07-22,15.245833333333332,22.604166666666668,57.5
2026-07-23,12.783333333333333,17.183333333333334,61.166666666666664
2026-07-24,7.341666666666666,9.737499999999999,53.208333333333336
2026-07-25,10.041666666666666,12.120833333333332,65.33333333333333
2026-07-26,12.445833333333333,15.0875,68.16666666666667
2026-07-27,13.079166666666666,14.854166666666666,80.25
2026-07-28,16.883333333333333,18.870833333333334,82.29166666666667
2026-07-29,9.887500000000001,11.754166666666668,85.16666666666667
2026-07-30,11.0375,13.041666666666666,91.08333333333333
2026-07-31,9.129166666666666,11.566666666666668,66.375
2026-08-01,6.095833333333334,7.8625,54.833333333333336
2026-08-02,2.983333333333333,3.904166666666667,49.833333333333336
2026-08-03,3.608333333333333,4.6625000000000005,49.541666666666664
2026-08-04,5.345833333333334,6.95,60.375
2026-08-05,9.870833333333334,15.516666666666666,51.666666666666664
2026-08-06,10.629166666666666,12.362499999999999,47.291666666666664
2026-08-07,6.704166666666667,9.129166666666666,41.208333333333336
2026-08-08,5.345833333333334,6.716666666666666,52.333333333333336
2026-08-09,8.916666666666666,11.0375,52.25
2026-08-10,10.220833333333333,12.799999999999999,50.208333333333336
2026-08-11,9.308333333333334,11.154166666666667,45.416666666666664
2026-08-12,5.9125000000000005,7.729166666666667,41.041666666666664
2026-08-13,8.4125,10.683333333333332,47.666666666666664
2026-08-14,9.691666666666666,11.833333333333334,45.5
2026-08-15,7.116666666666667,8.549999999999999,50.083333333333336
2026-08-16,6.183333333333334,7.7875000000000005,51.958333333333336
2026-08-17,7.658333333333334,9.762500000000001,71.66666666666667
2026-08-18,8.012500000000001,9.991666666666667,72.25
2026-08-19,9.245833333333334,10.104166666666666,89.125
2026-08-20,8.933333333333334,9.183333333333334,81.83333333333333
2026-08-21,7.354166666666667,8.700000000000001,63.583333333333336
2026-08-22,6.079166666666667,9.637500000000001,43.875
2026-08-23,4.45,5.2,75.70833333333333
2026-08-24,7.820833333333333,9.112499999999999,80.54166666666667
2026-08-25,8.058333333333334,9.729166666666666,69.33333333333333
2026-08-26,6.791666666666667,8.129166666666666,62.666666666666664
2026-08-27,7.208333333333333,9.070833333333333,52.916666666666664
2026-08-28,5.770833333333333,7.2375,42.75
2026-08-29,8.729166666666666,11.208333333333334,51.791666666666664
2026-08-30,4.0,5.1,49.25
2026-08-31,6.116666666666667,8.366666666666667,47.25
2026-09-01,6.3875,7.8625,43.166666666666664
