date,temperature_2m_max,temperature_2m_min,relative_humidity_2m_max,surface_pressure_mean,windspeed_10m_max,precipitation_sum,pm2_5_mean,pm10_mean,ozone_mean,day_of_year,pollen_base,pollen,pressure_change,puffs,pre_exercise,symptom_breath,symptom_wheeze,symptom_cough,night_waking,symptom_total
2026-03-01,24.1,12.1,92,1013.5,13.1,0.0,7.35,7.6625,88.70833333333333,60,3.774198009945037,4.741334987378524,0.0,3.0,0,1.0,1.0,1.0,0,3.0
2026-03-02,25.9,11.7,97,1016.0,16.5,0.0,8.1875,9.716666666666669,88.54166666666667,61,3.84443024965396,5.0,2.5,2.0,0,1.0,0.0,1.0,0,2.0
2026-03-03,25.5,14.3,97,1017.6,16.7,0.0,5.854166666666667,7.774999999999999,82.33333333333333,62,3.913522691209341,5.0,1.6000000000000227,2.0,0,0.0,1.0,1.0,0,2.0
2026-03-04,27.4,14.4,100,1017.0,15.2,0.0,7.55,9.570833333333333,69.95833333333333,63,3.9813677356470967,5.0,-0.6000000000000227,2.0,0,1.0,2.0,1.0,0,4.0
2026-03-05,28.8,16.8,99,1015.5,11.6,7.5,6.533333333333334,8.5375,62.79166666666666,64,4.047858243339435,3.2434584409762715,-1.5,2.0,0,0.0,1.0,0.0,0,1.0
2026-03-06,29.9,18.7,100,1016.2,13.1,1.1,6.908333333333334,8.845833333333333,56.625,65,4.112887811993323,5.0,0.7000000000000455,2.0,0,1.0,1.0,1.0,0,3.0
2026-03-07,29.8,18.1,99,1014.9,12.6,0.3,6.075,8.041666666666666,58.75,66,4.17635105705636,5.0,-1.3000000000000682,2.0,0,1.0,1.0,2.0,0,4.0
2026-03-08,28.6,17.8,100,1012.1,14.0,5.9,6.508333333333333,8.045833333333333,60.79166666666666,67,4.238143893510679,3.5294264062833167,-2.7999999999999545,2.0,0,1.0,1.0,1.0,0,3.0
2026-03-09,29.0,19.1,100,1013.3,12.6,0.0,4.875,6.320833333333333,55.54166666666666,68,4.298163818012712,4.9522249281383655,1.1999999999999318,2.0,0,1.0,1.0,1.0,0,3.0
2026-03-10,30.9,16.9,100,1014.5,12.8,0.0,3.8666666666666663,4.7625,54.375,69,4.356310190318697,5.0,1.2000000000000455,2.0,0,1.0,1.0,1.0,0,3.0
2026-03-11,31.8,17.3,90,1012.5,15.1,0.0,7.258333333333333,8.133333333333333,62.958333333333336,70,4.412484512922977,5.0,-2.0,2.0,0,1.0,2.0,1.0,0,4.0
2026-03-12,26.3,17.9,99,1008.8,22.2,6.6,4.9750000000000005,6.025,67.79166666666667,71,4.466590707828413,4.792228205480495,-3.7000000000000455,3.0,0,1.0,1.0,1.0,0,3.0
2026-03-13,25.5,12.8,83,1011.9,17.4,0.0,6.6000000000000005,8.329166666666667,101.625,72,4.51853538936598,5.0,3.1000000000000227,2.0,0,1.0,1.0,1.0,0,3.0
2026-03-14,24.7,14.0,94,1011.7,15.2,0.1,5.695833333333333,7.558333333333334,94.04166666666669,73,4.568228131983645,5.0,-0.1999999999999318,2.0,0,1.0,1.0,0.0,0,2.0
2026-03-15,29.5,17.7,99,1008.7,15.2,25.8,6.708333333333333,8.1625,71.20833333333333,74,4.615581731933179,0.0,-3.0,1.0,0,0.0,1.0,1.0,0,2.0
2026-03-16,25.6,11.0,98,1003.9,23.4,7.0,4.795833333333333,5.729166666666667,69.125,75,4.660512461797638,4.546969487317185,-4.800000000000068,2.0,0,1.0,1.0,1.0,0,3.0
2026-03-17,13.9,3.2,68,1014.1,19.3,0.0,5.579166666666667,5.966666666666666,96.25,76,4.70294031682171,5.0,10.200000000000045,2.0,0,1.0,1.0,1.0,0,3.0
2026-03-18,17.4,3.0,68,1016.6,15.0,0.0,3.458333333333333,3.6375,103.20833333333331,77,4.742789252032115,5.0,2.5,2.0,0,2.0,1.0,1.0,0,4.0
2026-03-19,19.7,6.0,79,1015.6,16.2,0.0,3.391666666666667,3.8625,108.625,78,4.7799874091655,5.0,-1.0,2.0,0,1.0,1.0,1.0,0,3.0
2026-03-20,22.7,7.9,84,1014.3,14.1,0.0,3.875,4.7375,102.375,79,4.814467332456814,5.0,-1.3000000000000682,2.0,0,1.0,1.0,1.0,0,3.0
2026-03-21,27.0,8.3,94,1011.7,14.5,0.0,10.283333333333331,11.1125,109.25,80,4.846166172381721,5.0,-2.599999999999909,3.0,0,2.0,2.0,1.0,0,5.0
2026-03-22,27.8,12.9,96,1011.2,14.6,0.0,7.762499999999999,9.716666666666669,107.70833333333331,81,4.875025876492089,5.0,-0.5,2.0,0,1.0,1.0,1.0,0,3.0
2026-03-23,28.5,14.2,97,1010.7,15.9,0.0,4.679166666666666,5.954166666666667,96.75,82,4.900993366533776,5.0,-0.5,2.0,0,1.0,1.0,1.0,0,3.0
2026-03-24,23.2,15.0,97,1012.5,21.5,0.1,7.595833333333334,8.916666666666666,91.0,83,4.924020701090478,5.0,1.7999999999999545,3.0,0,1.0,1.0,1.0,0,3.0
2026-03-25,25.2,15.2,93,1014.5,17.4,1.1,5.675,7.291666666666667,103.08333333333331,84,4.944065223056166,5.0,2.0,2.0,0,1.0,1.0,0.0,0,2.0
2026-03-26,28.4,15.5,99,1013.8,15.9,0.4,5.158333333333333,6.833333333333333,92.79166666666669,85,4.9610896913012175,5.0,-0.7000000000000455,2.0,0,1.0,1.0,1.0,0,3.0
2026-03-27,29.9,16.0,96,1012.3,15.4,0.0,8.854166666666666,9.920833333333333,88.08333333333333,86,4.975062395963412,5.0,-1.5,2.0,0,1.0,1.0,1.0,0,3.0
2026-03-28,26.3,14.8,98,1015.6,26.7,0.0,5.55,6.141666666666667,85.95833333333333,87,4.985957256864225,5.0,3.300000000000068,2.0,0,1.0,1.0,1.0,0,3.0
2026-03-29,22.6,15.6,85,1020.4,24.1,0.4,9.3375,11.920833333333334,114.91666666666669,88,4.9937539046229045,5.0,4.7999999999999545,3.0,0,1.0,2.0,1.0,0,4.0
2026-03-30,27.1,14.9,94,1019.2,16.0,0.2,6.920833333333333,9.520833333333334,101.45833333333331,89,4.998437744115195,5.0,-1.1999999999999318,2.0,0,1.0,1.0,1.0,0,3.0
