date,temperature_2m_max,temperature_2m_min,relative_humidity_2m_max,surface_pressure_mean,windspeed_10m_max,precipitation_sum,pm2_5_mean,pm10_mean,ozone_mean,day_of_year,pollen_base,pollen,pressure_change,puffs,pre_exercise,symptom_breath,symptom_wheeze,symptom_cough,night_waking,symptom_total,baseline_puffs,is_flareup,label_next_day_flareup,puffs_3day_avg,pollen_3day_avg,aqi_3day_avg,pressure_24h_change,puffs_yesterday,puffs_above_baseline,days_above_baseline_7d
2025-09-08,30.6,22.5,99,1008.1,18.2,8.2,4.958333333333333,5.629166666666666,73.625,251,0.0015172214845896,0.0,0.39999999999997726,1.0,0,1.0,0.0,0.0,0,1.0,2.0,0,0,,,,0.39999999999997726,,-1.0,
2025-09-09,27.8,22.4,96,1008.2,21.6,1.1,6.141666666666667,7.066666666666666,90.16666666666669,252,0.001371552337467,1.6435817979634864,0.10000000000002274,2.0,0,0.0,1.0,1.0,0,2.0,2.0,0,0,,,,0.10000000000002274,1.0,0.0,
2025-09-10,31.2,22.1,80,1009.6,14.7,0.0,7.070833333333333,7.579166666666667,96.375,253,0.0012390942775717,1.6882631117119575,1.3999999999999773,2.0,1,1.0,1.0,1.0,0,3.0,2.0,0,0,1.6666666666666667,1.1106149698918146,6.0569444444444445,1.3999999999999773,2.0,0.0,
2025-09-11,29.5,19.9,94,1010.5,13.5,0.0,11.579166666666666,11.9375,99.16666666666669,254,0.0011187289686031,1.1657516518436184,0.8999999999999773,3.0,0,0.0,2.0,0.0,0,2.0,2.0,0,0,2.3333333333333335,1.4991988538396874,8.263888888888888,0.8999999999999773,2.0,1.0,
2025-09-12,29.1,20.0,95,1009.9,17.0,0.3,9.833333333333334,10.295833333333333,74.58333333333333,255,0.0010094248280045,1.424717523399902,-0.6000000000000227,1.0,0,1.0,1.0,1.0,0,3.0,2.0,0,0,2.0,1.4262440956518259,9.494444444444445,-0.6000000000000227,3.0,-1.0,
2025-09-13,29.7,19.6,90,1008.0,18.1,1.6,6.1625000000000005,6.9125000000000005,98.5,256,0.000910231051835,1.427695139678249,-1.8999999999999773,2.0,0,1.0,1.0,1.0,0,3.0,2.0,0,0,2.0,1.3393881049739231,9.191666666666668,-1.8999999999999773,1.0,0.0,
2025-09-14,30.4,19.5,89,1007.0,15.1,0.0,5.658333333333334,6.583333333333333,95.70833333333331,257,0.000820271981811,0.745508174118692,-1.0,2.0,0,1.0,1.0,0.0,0,2.0,2.0,0,0,1.6666666666666667,1.1993069457322811,7.218055555555556,-1.0,2.0,0.0,1.0
2025-09-15,30.1,18.3,86,1009.8,11.1,0.0,6.141666666666667,7.095833333333334,100.125,258,0.0007387418011601,0.4207716087959471,2.7999999999999545,2.0,0,0.0,0.0,0.0,0,0.0,2.0,0,0,2.0,0.8646583075309627,5.987500000000001,2.7999999999999545,2.0,0.0,1.0
2025-09-16,31.2,18.9,97,1011.4,11.8,0.7,6.8125,8.1875,101.33333333333331,259,0.0006648995458667,0.7457498878494779,1.6000000000000227,1.0,0,1.0,1.0,1.0,0,3.0,2.0,0,0,1.6666666666666667,0.6373432235880391,6.204166666666667,1.6000000000000227,2.0,-1.0,1.0
2025-09-17,30.5,19.8,92,1010.4,11.9,0.0,8.112499999999999,9.85,95.25,260,0.0005980644179051,0.7854656162841358,-1.0,2.0,0,1.0,1.0,1.0,0,3.0,2.0,0,0,1.6666666666666667,0.6506623709765202,7.022222222222221,-1.0,1.0,0.0,1.0
2025-09-18,31.3,19.9,99,1009.2,13.9,0.1,8.904166666666667,10.308333333333334,85.0,261,0.000537611387128,1.4862365444252377,-1.1999999999999318,2.0,0,1.0,1.0,1.0,0,3.0,2.0,0,0,1.6666666666666667,1.005817349519617,7.9430555555555555,-1.1999999999999318,2.0,0.0,0.0
2025-09-19,32.1,19.1,98,1008.9,12.0,5.3,11.416666666666666,12.895833333333334,91.41666666666669,262,0.0004829670686109,0.0,-0.3000000000000682,2.0,0,0.0,0.0,0.0,0,0.0,2.0,0,0,2.0,0.7572340535697911,9.477777777777776,-0.3000000000000682,2.0,0.0,0.0
2025-09-20,32.1,20.6,99,1009.8,17.3,0.1,8.679166666666667,9.979166666666666,94.16666666666669,263,0.0004336058624299,1.1355121253283134,0.8999999999999773,2.0,1,1.0,0.0,0.0,0,1.0,2.0,0,0,2.0,0.8739162232511837,9.666666666666666,0.8999999999999773,2.0,0.0,0.0
2025-09-21,31.1,20.6,96,1009.9,15.7,0.3,6.4125000000000005,8.325000000000001,83.20833333333333,264,0.0003890463430776,2.0666485539116994,0.10000000000002274,2.0,0,1.0,1.0,1.0,0,3.0,2.0,0,0,2.0,1.0673868930800043,8.83611111111111,0.10000000000002274,2.0,0.0,0.0
2025-09-22,31.7,21.4,99,1008.7,13.3,0.9,4.891666666666667,6.2875000000000005,76.58333333333333,265,0.0003488478859799,0.9700383276913656,-1.1999999999999318,3.0,0,0.0,1.0,1.0,0,2.0,2.0,0,0,2.3333333333333335,1.3907330023104594,6.661111111111111,-1.1999999999999318,2.0,1.0,1.0
2025-09-23,33.0,21.8,99,1009.3,7.4,0.2,5.9750000000000005,7.55,70.83333333333333,266,0.0003126075188741,0.7073238893940438,0.599999999999909,2.0,0,0.0,1.0,0.0,0,1.0,2.0,0,0,2.3333333333333335,1.2480035903323696,5.759722222222222,0.599999999999909,3.0,0.0,1.0
2025-09-24,33.7,22.6,95,1010.2,8.8,0.7,7.4375,8.674999999999999,71.125,267,0.0002799569861284,0.1003806825007458,0.900000000000091,2.0,1,1.0,0.0,0.0,0,1.0,2.0,0,0,2.3333333333333335,0.5925809665287184,6.101388888888888,0.900000000000091,2.0,0.0,1.0
2025-09-25,32.3,22.6,100,1008.2,13.8,0.6,4.716666666666667,5.825,51.04166666666666,268,0.0002505600144312,0.9824974702043584,-2.0,3.0,1,2.0,0.0,1.0,0,3.0,2.0,0,0,2.3333333333333335,0.5967340140330494,6.043055555555555,-2.0,2.0,1.0,2.0
2025-09-26,31.7,22.3,98,1005.1,18.7,4.6,3.5083333333333333,4.533333333333333,43.25,269,0.0002241097686403,0.5345931456525871,-3.1000000000000227,2.0,0,0.0,1.0,2.0,0,3.0,2.0,0,0,2.3333333333333335,0.5391570994525637,5.220833333333332,-3.1000000000000227,3.0,0.0,2.0
2025-09-27,27.4,22.2,100,1004.7,7.4,6.6,4.1875,4.816666666666666,45.16666666666666,270,0.0002003264869647,0.0,-0.39999999999997726,2.0,1,0.0,0.0,1.0,0,1.0,2.0,0,0,2.3333333333333335,0.5056968719523152,4.137499999999999,-0.39999999999997726,2.0,0.0,2.0
2025-09-28,30.3,21.2,100,1006.1,17.0,2.2,7.5625,8.0875,69.5,271,0.0001789552850417,1.1904581626233106,1.3999999999999773,2.0,0,1.0,0.0,1.0,0,2.0,2.0,0,0,2.0,0.5750171027586326,5.086111111111111,1.3999999999999773,2.0,0.0,2.0
2025-09-29,29.7,22.2,98,1005.6,18.2,1.9,3.633333333333333,4.145833333333333,59.41666666666666,272,0.0001597641188721,1.0099042881513502,-0.5,2.0,0,1.0,1.0,1.0,0,3.0,2.0,0,0,2.0,0.7334541502582205,5.127777777777777,-0.5,2.0,0.0,1.0
2025-09-30,28.9,21.2,92,1004.0,20.4,0.8,4.720833333333333,5.4125000000000005,62.708333333333336,273,0.0001425418969812,1.6834650419796704,-1.6000000000000227,3.0,0,1.0,2.0,0.0,0,3.0,2.0,0,0,2.3333333333333335,1.294609164251444,5.3055555555555545,-1.6000000000000227,2.0,1.0,2.0
2025-10-01,29.6,20.0,98,1006.9,15.7,0.9,10.041666666666666,10.870833333333332,84.20833333333333,274,0.0001270967325809,1.0594444518408224,2.8999999999999773,2.0,0,0.0,1.0,1.0,0,2.0,2.0,0,0,2.3333333333333335,1.2509379273239476,6.131944444444444,2.8999999999999773,3.0,0.0,2.0
2025-10-02,28.8,21.9,90,1011.8,21.7,0.9,6.095833333333334,8.083333333333334,86.33333333333333,275,0.0001132543269161,2.641024528130491,4.899999999999977,2.0,0,1.0,2.0,0.0,0,3.0,2.0,0,0,2.3333333333333335,1.7946446739836615,6.952777777777778,4.899999999999977,2.0,0.0,1.0
2025-10-03,28.8,20.3,98,1012.2,21.4,0.5,5.966666666666666,7.975,79.79166666666667,276,0.0001008564753827,1.9847019665802093,0.40000000000009095,2.0,0,1.0,1.0,0.0,0,2.0,2.0,0,0,2.0,1.895056982183841,7.368055555555556,0.40000000000009095,2.0,0.0,1.0
2025-10-04,28.5,20.6,96,1009.8,23.3,1.3,3.8958333333333335,5.604166666666667,77.125,277,8.975968840983001e-05,1.5170053881060497,-2.400000000000091,2.0,0,1.0,1.0,1.0,0,3.0,2.0,0,0,2.0,2.04757729427225,5.319444444444445,-2.400000000000091,2.0,0.0,1.0
2025-10-05,29.3,22.0,96,1010.1,19.5,5.4,3.7875,5.358333333333333,73.41666666666667,278,7.983391948902373e-05,0.6590977987607647,0.3000000000000682,2.0,0,0.0,0.0,1.0,0,1.0,2.0,0,0,2.0,1.386935051149008,4.55,0.3000000000000682,2.0,0.0,1.0
2025-10-06,28.6,22.6,97,1010.7,21.3,3.7,3.954166666666667,5.658333333333332,66.70833333333333,279,7.096139312856993e-05,0.53173350140472,0.6000000000000227,2.0,0,0.0,0.0,1.0,0,1.0,2.0,0,0,2.0,0.9026122294238448,3.879166666666667,0.6000000000000227,2.0,0.0,1.0
2025-10-07,30.3,22.4,98,1010.3,17.3,0.6,4.204166666666667,5.966666666666666,66.16666666666667,280,6.303552588524262e-05,1.6336084735277878,-0.40000000000009095,2.0,0,1.0,1.0,1.0,0,3.0,2.0,0,0,2.0,0.9414799245644242,3.9819444444444443,-0.40000000000009095,2.0,0.0,0.0
2025-10-08,29.8,21.5,96,1009.8,12.4,0.5,5.679166666666667,7.816666666666666,66.79166666666667,281,5.5959934000876136e-05,0.3061879103820909,-0.5,2.0,0,1.0,0.0,0.0,0,1.0,2.0,0,1,2.0,0.8238432951048663,4.6125,-0.5,2.0,0.0,0.0
2025-10-09,27.9,21.9,97,1010.2,23.0,2.1,5.133333333333334,6.508333333333333,68.0,282,4.964752152925541e-05,1.138775227962157,0.40000000000009095,3.0,0,0.0,0.0,0.0,1,0.0,2.0,1,1,2.3333333333333335,1.0261905372906786,5.0055555555555555,0.40000000000009095,2.0,1.0,1.0
2025-10-10,24.9,20.0,88,1007.5,23.0,1.3,2.970833333333333,3.466666666666667,78.91666666666667,283,4.4019643188534686e-05,1.988788513990838,-2.7000000000000455,3.0,0,1.0,1.0,1.0,1,3.0,2.0,1,1,2.6666666666666665,1.1445838841116953,4.594444444444445,-2.7000000000000455,3.0,1.0,2.0
2025-10-11,26.1,18.4,87,1002.8,23.3,0.0,2.629166666666667,2.783333333333333,78.91666666666667,284,3.90053365115542e-05,2.625425637334676,-4.7000000000000455,3.0,0,2.0,2.0,1.0,1,5.0,2.0,1,0,3.0,1.9176631264292237,3.577777777777778,-4.7000000000000455,3.0,1.0,3.0
2025-10-12,26.6,15.6,92,1002.5,14.2,0.0,4.325,4.775,78.16666666666667,285,3.454061819139382e-05,1.4885818530941797,-0.2999999999999545,2.0,0,1.0,0.0,1.0,0,2.0,2.0,0,0,2.6666666666666665,2.0342653348065647,3.3083333333333336,-0.2999999999999545,3.0,0.0,3.0
2025-10-13,28.2,14.9,94,1006.0,9.4,0.0,5.841666666666666,6.4125000000000005,79.58333333333333,286,3.056783983185701e-05,0.8937712548845358,3.5,2.0,0,0.0,0.0,0.0,0,0.0,2.0,0,0,2.3333333333333335,1.6692595817711304,4.2652777777777775,3.5,2.0,0.0,3.0
2025-10-14,29.0,15.8,100,1008.6,9.6,0.0,8.195833333333333,8.495833333333334,81.29166666666667,287,2.703509861208359e-05,0.8395855568628966,2.6000000000000227,3.0,0,1.0,0.0,0.0,0,1.0,2.0,0,0,2.3333333333333335,1.073979554947204,6.120833333333333,2.6000000000000227,2.0,1.0,4.0
2025-10-15,26.7,16.8,97,1008.4,17.7,0.0,6.841666666666668,7.291666666666667,77.20833333333333,288,2.389569866102319e-05,1.1786150995516902,-0.20000000000004547,2.0,0,0.0,0.0,0.0,0,0.0,2.0,0,0,2.3333333333333335,0.9706573037663743,6.959722222222222,-0.20000000000004547,3.0,0.0,4.0
2025-10-16,27.8,15.5,94,1007.1,12.4,0.0,4.145833333333333,4.866666666666666,89.79166666666667,289,2.1107659211029405e-05,0.9520834243013276,-1.2999999999999545,2.0,0,1.0,1.0,1.0,0,3.0,2.0,0,0,2.3333333333333335,0.9900946935719714,6.394444444444445,-1.2999999999999545,2.0,0.0,3.0
2025-10-17,28.2,17.3,95,1008.9,14.2,0.0,5.454166666666667,7.158333333333334,93.75,290,1.8633265860393355e-05,1.2357631248819454,1.7999999999999545,2.0,0,0.0,1.0,1.0,0,2.0,2.0,0,1,2.0,1.1221538829116544,5.480555555555555,1.7999999999999545,2.0,0.0,2.0
2025-10-18,27.3,14.6,92,1010.5,12.4,0.0,4.9625,6.625,87.95833333333333,291,1.6438661522354054e-05,1.662865329149089,1.6000000000000227,3.0,1,1.0,2.0,1.0,0,4.0,2.0,1,0,2.3333333333333335,1.2835706261107873,4.854166666666667,1.6000000000000227,2.0,1.0,2.0
2025-10-19,28.8,17.1,99,1009.7,13.9,8.2,4.8375,6.316666666666666,78.25,292,1.4493473873164688e-05,0.0,-0.7999999999999545,2.0,0,0.0,1.0,1.0,0,2.0,2.0,0,0,2.3333333333333335,0.9662094846770115,5.084722222222222,-0.7999999999999545,3.0,0.0,2.0
2025-10-20,26.5,17.9,99,1011.9,14.9,0.1,4.8375,5.6875,81.04166666666667,293,1.2770476334403315e-05,0.754796708331241,2.199999999999932,2.0,0,0.0,0.0,0.0,0,0.0,2.0,0,0,2.3333333333333335,0.8058873458267767,4.879166666666667,2.199999999999932,2.0,0.0,2.0
2025-10-21,28.5,14.7,99,1010.7,8.6,0.0,6.895833333333333,8.858333333333333,77.20833333333333,294,1.1245279835161713e-05,0.9896448330377532,-1.1999999999999318,2.0,1,1.0,1.0,1.0,0,3.0,2.0,0,0,2.0,0.5814805137896647,5.523611111111111,-1.1999999999999318,2.0,0.0,1.0
2025-10-22,28.1,13.3,100,1010.3,10.8,0.0,9.204166666666667,10.033333333333331,83.79166666666667,295,9.896052798350674e-06,0.9259769838862718,-0.40000000000009095,2.0,1,0.0,1.0,1.0,0,2.0,2.0,0,0,2.0,0.890139508418422,6.979166666666667,-0.40000000000009095,2.0,0.0,1.0
2025-10-23,25.3,12.1,75,1012.8,11.7,0.0,3.7,3.820833333333333,87.91666666666667,296,8.703266982466486e-06,0.8992399031445988,2.5,1.0,0,0.0,0.0,0.0,0,0.0,2.0,0,0,1.6666666666666667,0.9382872400228747,6.6000000000000005,2.5,2.0,-1.0,1.0
2025-10-24,26.0,11.8,88,1014.0,15.5,0.0,3.695833333333333,4.758333333333334,96.375,297,7.649466986153198e-06,1.7946781650033332,1.2000000000000455,2.0,0,1.0,1.0,1.0,0,3.0,2.0,0,0,1.6666666666666667,1.2066316840114013,5.533333333333334,1.2000000000000455,1.0,0.0,1.0
2025-10-25,27.4,15.2,89,1014.2,18.9,0.0,4.004166666666666,5.370833333333334,99.5,298,6.719061388157607e-06,2.3024065280597683,0.20000000000004547,2.0,0,1.0,1.0,1.0,0,3.0,2.0,0,1,1.6666666666666667,1.6654415320692333,3.7999999999999994,0.20000000000004547,2.0,0.0,0.0
2025-10-26,27.9,18.1,94,1011.0,19.8,1.1,4.408333333333333,5.8500000000000005,82.08333333333333,299,5.8981336502254524e-06,2.02251794578013,-3.2000000000000455,3.0,0,2.0,2.0,1.0,0,5.0,2.0,1,0,2.3333333333333335,2.039867546281077,4.0361111111111105,-3.2000000000000455,2.0,1.0,1.0
2025-10-27,26.9,20.8,99,1004.9,14.2,3.0,2.4125,2.7416666666666667,62.41666666666666,300,5.174271055546877e-06,0.1843181649820001,-6.100000000000023,3.0,0,1.0,1.0,0.0,0,2.0,2.0,0,0,2.6666666666666665,1.5030808796072994,3.608333333333333,-6.100000000000023,3.0,1.0,2.0
2025-10-28,21.5,16.4,99,1004.6,13.8,0.3,4.8500000000000005,5.029166666666667,63.625,301,4.53641009095783e-06,1.1663195860696054,-0.2999999999999545,3.0,0,1.0,1.0,1.0,0,3.0,2.0,0,1,3.0,1.124385232277245,3.890277777777778,-0.2999999999999545,3.0,1.0,3.0
2025-10-29,23.8,14.6,87,1004.1,19.0,0.0,3.658333333333333,3.891666666666667,72.625,302,3.9746968076745705e-06,2.0325093472582334,-0.5,3.0,1,1.0,2.0,1.0,0,4.0,2.0,1,0,3.0,1.127715699436613,3.640277777777778,-0.5,3.0,1.0,4.0
2025-10-30,20.5,9.2,85,1004.7,23.2,0.0,6.833333333333333,6.866666666666667,70.20833333333333,303,3.4803608133133584e-06,2.710221531209757,0.6000000000000227,3.0,0,1.0,1.0,1.0,0,3.0,2.0,0,0,3.0,1.9696834881791985,5.11388888888889,0.6000000000000227,3.0,1.0,5.0
2025-10-31,19.4,7.3,94,1009.8,11.0,0.0,9.941666666666666,10.045833333333333,64.16666666666667,304,3.045601657757762e-06,0.9083333504635418,5.099999999999909,2.0,1,0.0,1.0,1.0,0,2.0,2.0,0,0,2.6666666666666665,1.8836880763105108,6.811111111111111,5.099999999999909,3.0,0.0,5.0
2025-11-01,21.7,6.1,94,1011.9,10.1,0.0,5.308333333333334,5.420833333333333,75.20833333333333,305,2.663486477507306e-06,0.9357390728209508,2.1000000000000227,3.0,0,1.0,1.0,0.0,0,2.0,2.0,0,0,2.6666666666666665,1.5180979848314164,7.361111111111111,2.1000000000000227,2.0,1.0,6.0
2025-11-02,23.9,9.2,98,1012.2,8.9,0.0,4.529166666666667,5.075,91.58333333333331,306,2.3278578578915438e-06,0.4474683382554467,0.3000000000000682,2.0,0,0.0,0.0,0.0,0,0.0,2.0,0,0,2.3333333333333335,0.7638469205133132,6.593055555555556,0.3000000000000682,3.0,0.0,5.0
2025-11-03,22.3,11.4,85,1014.2,13.3,0.0,2.6958333333333333,2.7583333333333333,86.04166666666667,307,2.0332509603725747e-06,0.8515193836186921,2.0,2.0,0,0.0,0.0,1.0,0,1.0,2.0,0,0,2.3333333333333335,0.7449089315650298,4.177777777777778,2.0,2.0,0.0,4.0
2025-11-04,23.7,8.7,90,1018.3,11.9,0.0,5.220833333333333,6.020833333333333,89.33333333333333,308,1.7748190434856602e-06,1.5150121037767228,4.099999999999909,2.0,0,0.0,1.0,1.0,0,2.0,2.0,0,0,2.0,0.9379999418836205,4.148611111111111,4.099999999999909,2.0,0.0,3.0
2025-11-05,26.6,12.6,97,1016.7,9.6,0.0,7.041666666666667,9.141666666666667,80.70833333333333,309,1.5482665811686824e-06,1.5024975596949104,-1.599999999999909,3.0,0,1.0,1.0,0.0,0,2.0,2.0,0,1,2.3333333333333335,1.2896763490301084,4.986111111111111,-1.599999999999909,2.0,1.0,3.0
2025-11-06,26.4,11.7,97,1012.9,9.2,0.0,9.716666666666669,10.579166666666667,76.79166666666667,310,1.349789251681507e-06,0.8911973011571181,-3.800000000000068,3.0,0,1.0,2.0,1.0,0,4.0,2.5,1,1,2.6666666666666665,1.3029023215429172,7.326388888888889,-3.800000000000068,3.0,0.5,3.0
2025-11-07,27.3,13.7,98,1008.3,9.0,0.0,8.475,10.133333333333333,87.08333333333333,311,1.176020134376559e-06,1.301414335176944,-4.600000000000023,4.0,0,2.0,2.0,1.0,0,5.0,3.0,1,0,3.3333333333333335,1.2317030653429908,8.411111111111111,-4.600000000000023,3.0,1.0,4.0
2025-11-08,28.6,14.9,97,1005.9,12.2,0.6,5.154166666666667,6.258333333333333,72.66666666666667,312,1.0239815105987296e-06,1.1846554340005642,-2.3999999999999773,4.0,0,1.0,1.0,0.0,0,2.0,3.0,0,0,3.6666666666666665,1.1257556901115422,7.781944444444445,-2.3999999999999773,4.0,1.0,4.0
2025-11-09,26.8,20.1,100,1007.1,15.8,8.0,3.75,4.9,62.583333333333336,313,8.91041719298225e-07,0.0,1.2000000000000455,1.0,0,1.0,0.0,0.0,0,1.0,3.0,0,0,3.0,0.8286899230591693,5.793055555555555,1.2000000000000455,4.0,-2.0,4.0
2025-11-10,20.4,6.7,95,1012.0,19.4,0.0,2.9625000000000004,3.020833333333333,69.625,314,7.748765678514483e-07,2.084559017079933,4.899999999999977,2.0,0,1.0,1.0,0.0,0,2.0,3.0,0,0,2.3333333333333335,1.0897381503601657,3.9555555555555557,4.899999999999977,1.0,-1.0,4.0
2025-11-11,12.3,0.7,70,1021.4,20.4,0.0,3.2583333333333333,3.3166666666666664,65.25,315,6.734348444043553e-07,2.655215300021232,9.399999999999977,2.0,0,1.0,1.0,0.0,0,2.0,3.0,0,1,1.6666666666666667,1.579924772367055,3.323611111111111,9.399999999999977,2.0,-1.0,4.0
2025-11-12,19.6,0.3,89,1019.0,12.1,0.0,4.595833333333333,4.754166666666666,59.333333333333336,316,5.849075200675953e-07,1.1956701692635394,-2.3999999999999773,3.0,0,2.0,1.0,1.0,0,4.0,2.5,1,0,2.3333333333333335,1.9784814954549015,3.6055555555555556,-2.3999999999999773,2.0,0.5,4.0
2025-11-13,23.4,6.6,90,1015.9,9.2,0.0,2.654166666666667,2.795833333333333,68.125,317,5.077002677748417e-07,1.5458579700258703,-3.1000000000000227,3.0,0,1.0,1.0,1.0,0,3.0,2.5,0,0,2.6666666666666665,1.798914479770214,3.5027777777777778,-3.1000000000000227,3.0,0.5,4.0
2025-11-14,23.9,8.2,93,1014.4,10.6,0.0,6.095833333333334,6.283333333333334,73.58333333333333,318,4.40408959823028e-07,0.0121023987730619,-1.5,2.0,0,0.0,0.0,1.0,0,1.0,2.5,0,1,2.6666666666666665,0.9178768460208239,4.448611111111112,-1.5,3.0,-0.5,3.0
2025-11-15,25.2,8.0,97,1011.1,12.9,0.0,7.8875,9.9375,84.70833333333333,319,3.817978382884485e-07,1.6187613835479278,-3.2999999999999545,2.0,0,1.0,2.0,1.0,0,4.0,2.5,1,1,2.3333333333333335,1.0589072507822868,5.545833333333334,-3.2999999999999545,2.0,-0.5,2.0
2025-11-16,25.3,11.6,95,1005.8,16.0,0.0,6.495833333333334,8.012500000000001,86.66666666666667,320,3.307800818848851e-07,1.6348191580753506,-5.300000000000068,3.0,1,2.0,1.0,2.0,1,5.0,2.0,1,0,2.3333333333333335,1.0885609801321134,6.826388888888889,-5.300000000000068,2.0,1.0,3.0
2025-11-17,26.0,14.3,98,1008.1,10.8,0.0,6.091666666666666,6.541666666666667,71.79166666666667,321,2.864005196142789e-07,0.9603973462141726,2.300000000000068,2.0,0,0.0,0.0,0.0,0,0.0,2.5,0,0,2.3333333333333335,1.404659295945817,6.824999999999999,2.300000000000068,3.0,-0.5,3.0
2025-11-18,26.2,10.8,96,1013.2,8.5,0.0,9.041666666666666,10.529166666666669,71.83333333333333,322,2.478202659586249e-07,0.8867045584344669,5.100000000000023,2.0,0,0.0,1.0,0.0,0,1.0,2.5,0,0,2.3333333333333335,1.1606403542413302,7.209722222222222,5.100000000000023,2.0,-0.5,3.0
2025-11-19,27.3,11.7,84,1014.5,6.8,0.0,12.0625,13.075,71.20833333333333,323,2.143030745629353e-07,0.0,1.2999999999999545,2.0,0,0.0,0.0,0.0,0,0.0,2.5,0,0,2.0,0.6157006348828798,9.065277777777778,1.2999999999999545,2.0,-0.5,2.0
2025-11-20,28.0,12.5,93,1013.3,7.1,0.0,10.6375,10.954166666666666,67.95833333333333,324,1.8520322753971737e-07,0.6221314300682227,-1.2000000000000455,2.0,0,1.0,0.0,1.0,0,2.0,2.0,0,1,2.0,0.5029453295008965,10.580555555555556,-1.2000000000000455,2.0,0.0,1.0
2025-11-21,27.0,12.4,100,1012.5,9.2,0.0,12.054166666666667,12.245833333333332,72.25,325,1.5995479585034485e-07,1.0628451885594945,-0.7999999999999545,2.0,0,1.0,1.0,1.0,1,3.0,2.0,1,0,2.0,0.5616588728759058,11.58472222222222,-0.7999999999999545,2.0,0.0,1.0
2025-11-22,27.5,13.1,98,1011.8,12.1,0.0,7.995833333333334,8.658333333333333,77.33333333333333,326,1.3806212284140174e-07,1.8011577559587293,-0.7000000000000455,3.0,0,0.0,1.0,1.0,0,2.0,2.0,0,0,2.3333333333333335,1.1620447915288155,10.229166666666666,-0.7000000000000455,2.0,1.0,2.0
2025-11-23,26.7,18.4,100,1011.2,9.6,0.5,9.391666666666667,10.458333333333334,66.125,327,1.1909139807724253e-07,0.6026920317819391,-0.599999999999909,2.0,0,0.0,1.0,0.0,0,1.0,2.0,0,0,2.3333333333333335,1.1555649921000544,9.81388888888889,-0.599999999999909,3.0,0.0,1.0
2025-11-24,26.6,15.3,100,1012.9,12.6,0.0,13.454166666666666,14.395833333333334,64.04166666666667,328,1.0266320224615829e-07,0.9366026615059272,1.6999999999999318,2.0,0,1.0,1.0,1.0,0,3.0,2.0,0,0,2.3333333333333335,1.1134841497488652,10.280555555555557,1.6999999999999318,2.0,0.0,1.0
2025-11-25,28.0,14.6,98,1012.5,10.6,0.0,7.875,9.320833333333333,72.41666666666667,329,8.844591624940026e-08,0.8592972710121016,-0.39999999999997726,2.0,0,0.0,1.0,1.0,0,2.0,2.0,0,0,2.0,0.799530654766656,10.240277777777777,-0.39999999999997726,2.0,0.0,1.0
2025-11-26,26.0,16.0,96,1011.9,11.4,0.6,9.733333333333333,10.991666666666667,57.5,330,7.614989872356314e-08,1.3261609232307283,-0.6000000000000227,2.0,0,1.0,1.0,1.0,0,3.0,2.0,0,0,2.0,1.0406869519162523,10.354166666666666,-0.6000000000000227,2.0,0.0,1.0
2025-11-27,19.6,10.6,99,1013.2,15.6,1.4,2.4166666666666665,2.6333333333333333,68.29166666666667,331,6.552234630244511e-08,1.2715005093862202,1.3000000000000682,2.0,0,1.0,0.0,0.0,0,1.0,2.0,0,0,2.0,1.15231956787635,6.675000000000001,1.3000000000000682,2.0,0.0,1.0
2025-11-28,14.6,4.5,64,1018.7,14.2,0.0,1.7541666666666669,1.7666666666666666,65.91666666666667,332,5.6342759991366167e-08,1.2080959748359443,5.5,2.0,0,1.0,1.0,0.0,0,2.0,2.0,0,0,2.0,1.2685858024842975,4.634722222222222,5.5,2.0,0.0,1.0
2025-11-29,22.1,4.6,68,1018.6,19.8,0.0,3.533333333333333,4.283333333333333,70.83333333333333,333,4.84189491942968e-08,2.185307021664292,-0.10000000000002274,3.0,0,1.0,1.0,0.0,0,2.0,2.0,0,0,2.3333333333333335,1.5549678352954857,2.5680555555555555,-0.10000000000002274,2.0,1.0,1.0
2025-11-30,25.4,13.8,89,1014.8,13.1,0.0,5.4125000000000005,7.0375000000000005,72.66666666666667,334,4.158351228414166e-08,1.3488310613227283,-3.800000000000068,3.0,0,2.0,0.0,1.0,0,3.0,2.0,0,0,2.6666666666666665,1.5807446859409884,3.5666666666666664,-3.800000000000068,3.0,1.0,2.0
2025-12-01,21.6,14.0,92,1013.0,13.4,4.7,8.145833333333334,10.083333333333334,64.16666666666667,335,3.5690739214596854e-08,0.3174580319038951,-1.7999999999999545,2.0,0,1.0,1.0,0.0,0,2.0,2.0,0,1,2.6666666666666665,1.283865371630305,5.697222222222223,-1.7999999999999545,3.0,0.0,2.0
2025-12-02,25.4,17.1,97,1005.3,27.4,3.2,4.875,5.920833333333333,59.75,336,3.061388760736478e-08,1.499178793062947,-7.7000000000000455,3.0,0,2.0,1.0,1.0,1,4.0,2.0,1,0,2.6666666666666665,1.0551559620965234,6.144444444444446,-7.7000000000000455,2.0,1.0,3.0
2025-12-03,19.6,11.4,98,1011.1,10.6,0.0,4.65,4.6875,61.958333333333336,337,2.6242789074609482e-08,0.9289351676036818,5.800000000000068,2.0,0,0.0,1.0,0.0,0,1.0,2.0,0,0,2.3333333333333335,0.9151906641901747,5.890277777777778,5.800000000000068,3.0,0.0,3.0
2025-12-04,20.3,7.5,92,1013.9,11.8,0.0,8.291666666666666,8.358333333333333,63.083333333333336,338,2.2481747311404352e-08,1.0231567612288843,2.7999999999999545,2.0,0,1.0,0.0,1.0,0,2.0,2.0,0,1,2.3333333333333335,1.150423573965171,5.93888888888889,2.7999999999999545,2.0,0.0,3.0
2025-12-05,25.5,13.0,98,1009.3,23.3,0.5,7.15,8.2875,68.54166666666667,339,1.924769376960838e-08,1.5945940399948464,-4.600000000000023,3.0,1,1.0,2.0,2.0,0,5.0,2.0,1,0,2.3333333333333335,1.182228656275804,6.697222222222223,-4.600000000000023,2.0,1.0,4.0
2025-12-06,20.3,12.1,100,1008.8,13.3,6.7,6.441666666666666,6.7,45.75,340,1.6468570551530405e-08,0.0,-0.5,2.0,0,0.0,0.0,1.0,0,1.0,2.0,0,0,2.3333333333333335,0.8725836004079103,7.294444444444444,-0.5,3.0,0.0,3.0
2025-12-07,19.2,12.6,99,1009.3,12.5,23.2,6.758333333333333,6.925,57.29166666666666,341,1.4081913583024397e-08,0.0,0.5,2.0,0,0.0,1.0,0.0,0,1.0,2.0,0,1,2.3333333333333335,0.5315313466649487,6.783333333333334,0.5,2.0,0.0,2.0
2025-12-08,16.6,10.3,100,1008.9,16.8,0.3,4.583333333333333,4.65,57.333333333333336,342,1.2033612181505261e-08,1.5920453946905968,-0.39999999999997726,2.0,0,1.0,1.0,0.0,1,2.0,2.0,1,1,2.0,0.5306817982301989,5.927777777777778,-0.39999999999997726,2.0,0.0,2.0
2025-12-09,16.3,5.5,96,1012.9,15.2,0.0,10.395833333333334,10.816666666666668,60.375,343,1.0276823861309502e-08,1.426165156926765,4.0,3.0,1,1.0,1.0,1.0,1,3.0,2.0,1,1,2.3333333333333335,1.0060701838724537,7.245833333333334,4.0,2.0,1.0,2.0
2025-12-10,16.5,6.3,95,1009.2,13.1,0.0,9.304166666666667,9.879166666666666,60.0,344,8.771025650048736e-09,0.74385171195086,-3.699999999999932,3.0,0,2.0,1.0,1.0,0,4.0,2.0,1,0,2.6666666666666665,1.2540207545227406,8.094444444444445,-3.699999999999932,3.0,1.0,3.0
2025-12-11,17.6,8.1,95,1009.8,11.4,0.0,5.4750000000000005,5.745833333333334,65.25,345,7.481185355219731e-09,0.971741878375042,0.599999999999909,3.0,0,0.0,0.0,0.0,0,0.0,2.0,0,0,3.0,1.047252915750889,8.391666666666667,0.599999999999909,3.0,1.0,4.0
2025-12-12,21.0,3.3,94,1012.9,7.3,0.0,13.295833333333334,13.595833333333331,56.66666666666666,346,6.3770381476302206e-09,0.5929141997663303,3.1000000000000227,2.0,0,0.0,1.0,1.0,0,2.0,2.5,0,0,2.6666666666666665,0.7695025966974107,9.358333333333334,3.1000000000000227,3.0,-0.5,3.0
2025-12-13,23.5,5.2,95,1014.0,6.8,0.0,17.962500000000002,18.725,56.5,347,5.432455541862603e-09,0.359089097743808,1.1000000000000227,3.0,0,1.0,1.0,1.0,0,3.0,2.5,0,1,2.6666666666666665,0.6412483919617268,12.244444444444445,1.1000000000000227,2.0,0.5,4.0
2025-12-14,24.5,10.6,98,1012.3,21.6,0.0,10.216666666666669,11.325,57.375,348,4.624895376357952e-09,2.095485719958492,-1.7000000000000455,2.0,0,2.0,1.0,1.0,1,4.0,2.5,1,0,2.3333333333333335,1.0158296724895435,13.825000000000003,-1.7000000000000455,3.0,-0.5,4.0
2025-12-15,13.6,4.0,86,1019.4,20.0,0.0,3.233333333333333,3.720833333333333,70.79166666666667,349,3.9349227469147e-09,2.161620346660738,7.100000000000023,2.0,0,0.0,1.0,1.0,0,2.0,2.0,0,1,2.3333333333333335,1.5387317214543461,10.470833333333335,7.100000000000023,2.0,0.0,4.0
2025-12-16,19.3,3.7,98,1017.5,12.2,0.0,5.8625,7.079166666666667,64.04166666666667,350,3.345793045646391e-09,1.974474363830005,-1.8999999999999773,3.0,0,1.0,2.0,2.0,0,5.0,2.0,1,0,2.3333333333333335,2.0771934768164115,6.4375,-1.8999999999999773,2.0,1.0,4.0
2025-12-17,23.2,9.7,96,1014.4,12.5,0.0,7.45,9.3,62.583333333333336,351,2.8430893191142635e-09,1.3198311279758248,-3.1000000000000227,2.0,0,1.0,1.0,0.0,0,2.0,2.0,0,1,2.3333333333333335,1.8186419461555225,5.515277777777778,-3.1000000000000227,3.0,0.0,3.0
2025-12-18,24.6,13.2,95,1009.6,12.8,0.5,6.7625,8.583333333333334,61.958333333333336,352,2.414407099189213e-09,1.233020158703513,-4.7999999999999545,3.0,1,1.0,2.0,2.0,0,5.0,2.0,1,0,2.6666666666666665,1.509108550169781,6.691666666666667,-4.7999999999999545,2.0,1.0,3.0
2025-12-19,23.6,12.5,100,1008.8,17.6,1.1,3.4,4.075,72.45833333333333,353,2.0490806914623673e-09,1.400221635742614,-0.8000000000000682,2.0,0,1.0,1.0,0.0,0,2.0,2.5,0,0,2.3333333333333335,1.3176909741406506,5.870833333333334,-0.8000000000000682,3.0,-0.5,3.0
2025-12-20,21.6,5.6,82,1014.5,11.0,0.0,4.05,4.2125,58.958333333333336,354,1.7379456406199611e-09,0.332491515618329,5.7000000000000455,1.0,0,0.0,0.0,0.0,0,0.0,2.0,0,0,2.0,0.9885777700214854,4.7375,5.7000000000000455,2.0,-1.0,2.0
2025-12-21,23.7,6.8,100,1016.1,8.4,0.0,9.375,10.4625,60.625,355,1.4731327408094002e-09,0.829394451293446,1.6000000000000227,2.0,0,1.0,1.0,1.0,0,3.0,2.0,0,0,1.6666666666666667,0.8540358675514631,5.608333333333333,1.6000000000000227,1.0,0.0,2.0
2025-12-22,22.5,10.4,88,1020.0,18.3,0.0,5.3,6.595833333333334,71.91666666666667,356,1.2478895312221816e-09,1.8540920852243,3.8999999999999773,3.0,0,1.0,1.0,0.0,0,2.0,2.0,0,0,2.0,1.0053260173786915,6.241666666666666,3.8999999999999773,2.0,1.0,3.0
2025-12-23,25.2,11.8,98,1020.1,11.2,0.0,9.783333333333331,12.45,64.20833333333333,357,1.0564257214766003e-09,2.10529684605054,0.10000000000002274,2.0,0,1.0,1.0,1.0,0,3.0,2.5,0,1,2.3333333333333335,1.5962611275227616,8.152777777777777,0.10000000000002274,3.0,-0.5,2.0
2025-12-24,26.1,10.5,96,1018.2,10.1,0.0,12.675,14.441666666666668,52.16666666666666,358,8.937794355639905e-10,0.9330556149813304,-1.8999999999999773,3.0,0,2.0,1.0,1.0,0,4.0,2.0,1,0,2.6666666666666665,1.6308148487520568,9.252777777777778,-1.8999999999999773,2.0,1.0,3.0
2025-12-25,25.4,12.2,96,1015.3,11.1,0.0,9.65,10.183333333333334,62.958333333333336,359,7.557015539746933e-10,1.2306189376891463,-2.900000000000091,2.0,0,1.0,1.0,0.0,0,2.0,2.0,0,0,2.3333333333333335,1.4229904662403385,10.702777777777778,-2.900000000000091,3.0,0.0,2.0
2025-12-26,25.1,11.4,99,1012.3,13.3,0.0,7.158333333333334,7.366666666666667,74.45833333333333,360,6.385557772564167e-10,1.3161152927564586,-3.0,3.0,0,1.0,1.0,1.0,0,3.0,2.0,0,0,2.6666666666666665,1.159929948475645,9.827777777777778,-3.0,2.0,1.0,3.0
2025-12-27,24.4,14.3,98,1011.5,13.5,0.0,5.545833333333333,6.916666666666667,60.708333333333336,361,5.392323361274156e-10,0.8825287854914197,-0.7999999999999545,1.0,0,0.0,1.0,1.0,0,2.0,2.0,0,0,2.0,1.1430876719790082,7.451388888888888,-0.7999999999999545,3.0,-1.0,3.0
2025-12-28,24.3,14.4,100,1012.1,8.7,0.2,6.791666666666667,8.066666666666666,55.958333333333336,362,4.5507353822439675e-10,1.2671291262610818,0.6000000000000227,3.0,0,1.0,0.0,0.0,0,1.0,2.0,0,1,2.3333333333333335,1.1552577348363198,6.498611111111111,0.6000000000000227,1.0,1.0,4.0
2025-12-29,23.8,12.8,100,1009.5,25.4,2.5,4.058333333333334,4.458333333333333,62.208333333333336,363,3.838095739294468e-10,2.0907732134585197,-2.6000000000000227,3.0,0,1.0,2.0,1.0,1,4.0,2.0,1,0,2.3333333333333335,1.413477041737007,5.465277777777778,-2.6000000000000227,3.0,1.0,4.0
2025-12-30,11.3,3.4,62,1012.6,16.8,0.0,1.55,1.5625,63.708333333333336,364,3.235032073313173e-10,1.9964127791407225,3.1000000000000227,2.0,0,1.0,0.0,1.0,0,2.0,2.5,0,0,2.6666666666666665,1.7847717062867747,4.133333333333333,3.1000000000000227,3.0,-0.5,4.0
2025-12-31,12.1,-0.2,70,1014.4,12.3,0.0,2.1750000000000003,2.208333333333333,56.25,365,2.725021566442069e-10,0.8662450183546069,1.7999999999999545,1.0,0,0.0,0.0,0.0,0,0.0,2.0,0,1,2.0,1.6511436703179492,2.594444444444444,1.7999999999999545,2.0,-1.0,3.0
2026-01-01,17.9,1.9,74,1012.4,13.8,0.0,5.908333333333334,6.204166666666667,67.70833333333333,1,0.4206834671597397,2.3618011915341794,-2.0,4.0,0,1.0,1.0,1.0,1,3.0,2.0,1,1,2.3333333333333335,1.7414863296765029,3.211111111111111,-2.0,1.0,2.0,4.0
2026-01-02,20.2,5.4,93,1009.3,14.9,0.6,9.345833333333331,11.575,72.66666666666667,2,0.4446080872969317,1.1938676621800195,-3.1000000000000227,4.0,0,2.0,1.0,1.0,0,4.0,2.0,1,0,3.0,1.4739712906896019,5.809722222222221,-3.1000000000000227,4.0,2.0,4.0
2026-01-03,23.9,12.5,99,1005.7,24.8,7.3,3.983333333333333,5.029166666666667,73.33333333333333,3,0.4695997289950221,0.9943425665151308,-3.599999999999909,2.0,0,2.0,1.0,0.0,0,3.0,2.5,0,0,3.3333333333333335,1.5166704734097765,6.412499999999999,-3.599999999999909,4.0,-0.5,4.0
2026-01-04,16.0,12.7,100,1009.9,12.0,0.0,5.441666666666666,5.779166666666666,58.66666666666666,4,0.4956862625537369,2.571868512877729,4.199999999999932,3.0,0,0.0,1.0,1.0,0,2.0,2.5,0,0,3.0,1.5866929138576262,6.256944444444443,4.199999999999932,2.0,0.5,4.0
2026-01-05,21.3,12.3,93,1012.5,9.8,0.0,8.025,9.341666666666669,53.66666666666666,5,0.5228950064450073,1.1066804763927318,2.6000000000000227,3.0,0,0.0,1.0,0.0,0,1.0,3.0,0,1,2.6666666666666665,1.5576305185951973,5.8166666666666655,2.6000000000000227,3.0,0.0,3.0
2026-01-06,25.2,9.4,100,1011.0,13.8,0.0,11.025,12.1,50.5,6,0.5512526265224261,1.7047335346813173,-1.5,3.0,0,1.0,2.0,1.0,0,4.0,3.0,1,1,3.0,1.7944275079839258,8.16388888888889,-1.5,3.0,0.0,3.0
2026-01-07,25.0,16.0,100,1010.6,13.0,0.1,6.954166666666667,8.762500000000001,64.41666666666667,7,0.5807850317604845,1.890645577795541,-0.39999999999997726,2.0,0,1.0,1.0,1.0,1,3.0,3.0,1,0,2.6666666666666665,1.5673531962898632,8.668055555555556,-0.39999999999997726,3.0,-1.0,3.0
2026-01-08,25.3,15.3,100,1012.6,11.2,0.0,10.808333333333332,12.404166666666669,58.16666666666666,8,0.611517266734503,1.5301270050880231,2.0,3.0,0,1.0,1.0,0.0,0,2.0,3.0,0,0,2.6666666666666665,1.7085020391882937,9.595833333333331,2.0,2.0,0.0,2.0
2026-01-09,27.9,16.0,99,1014.7,9.6,0.0,9.875,11.370833333333332,60.208333333333336,9,0.6434734010783114,0.9832080286518584,2.1000000000000227,2.0,0,0.0,1.0,1.0,0,2.0,3.0,0,0,2.3333333333333335,1.467993537178474,9.212499999999999,2.1000000000000227,3.0,-1.0,1.0
2026-01-10,27.0,15.4,95,1014.2,14.5,0.0,5.816666666666666,6.929166666666667,57.04166666666666,10,0.6766764161830635,2.1541016061054745,-0.5,2.0,0,1.0,1.0,1.0,0,3.0,3.0,0,0,2.3333333333333335,1.5558122132817853,8.833333333333332,-0.5,2.0,-1.0,1.0
2026-01-11,19.8,10.6,100,1014.4,16.9,0.9,5.183333333333334,5.8625,62.75,11,0.7111480894269768,1.7062266039365346,0.1999999999999318,2.0,0,1.0,1.0,1.0,0,3.0,3.0,0,0,2.0,1.6145120795646222,6.958333333333332,0.1999999999999318,2.0,-1.0,0.0
2026-01-12,15.3,4.7,84,1018.8,14.7,0.0,3.733333333333333,4.391666666666667,70.83333333333333,12,0.7469088762520901,2.4063458485061626,4.399999999999977,3.0,1,1.0,1.0,1.0,0,3.0,2.5,0,1,2.3333333333333335,2.0888913528493904,4.91111111111111,4.399999999999977,2.0,0.5,1.0
2026-01-13,19.2,7.8,82,1015.0,12.4,0.0,6.820833333333333,8.4625,61.16666666666666,13,0.7839777904301987,1.6562080967366777,-3.7999999999999545,3.0,0,2.0,1.0,1.0,0,4.0,2.5,1,1,2.6666666666666665,1.9229268497264584,5.245833333333332,-3.7999999999999545,3.0,0.5,2.0
2026-01-14,16.4,11.2,96,1006.7,17.1,2.9,8.854166666666666,10.325,65.04166666666667,14,0.8223722828857745,2.2823460448927904,-8.299999999999955,3.0,0,2.0,2.0,2.0,1,6.0,3.0,1,1,3.0,2.1149666633785436,6.469444444444442,-8.299999999999955,3.0,0.0,2.0
2026-01-15,11.8,4.2,98,1005.2,22.6,0.9,3.641666666666667,4.045833333333333,66.70833333333333,15,0.8621081194687641,2.5388068025342694,-1.5,3.0,0,2.0,1.0,1.0,0,4.0,3.0,1,0,3.0,2.1591203147212457,6.438888888888887,-1.5,3.0,0.0,2.0
2026-01-16,13.3,-2.8,83,1014.6,13.4,0.0,5.729166666666667,5.879166666666666,60.125,16,0.90319925809447,2.1143746516121995,9.399999999999977,2.0,0,1.0,1.0,0.0,0,2.0,3.0,0,1,2.6666666666666665,2.3118424996797526,6.074999999999998,9.399999999999977,3.0,-1.0,2.0
2026-01-17,21.8,2.7,70,1014.0,13.6,0.0,9.591666666666669,10.7125,65.70833333333333,17,0.9456577256911278,2.631064612638996,-0.6000000000000227,3.0,0,2.0,2.0,1.0,0,5.0,3.0,1,0,2.6666666666666665,2.428082022261821,6.320833333333333,-0.6000000000000227,2.0,0.0,2.0
2026-01-18,14.5,2.5,99,1010.7,22.8,11.1,9.704166666666667,10.258333333333333,55.16666666666666,18,0.9894934954180732,0.0,-3.2999999999999545,2.0,1,1.0,0.0,0.0,0,1.0,3.0,0,0,2.3333333333333335,1.5818130880837316,8.341666666666667,-3.2999999999999545,3.0,-1.0,2.0
2026-01-19,12.5,-1.7,95,1017.5,10.4,0.0,5.933333333333334,6.016666666666667,64.625,19,1.034714364638388,2.16569833848004,6.7999999999999545,2.0,0,1.0,1.0,0.0,0,2.0,3.0,0,0,2.3333333333333335,1.5989209837063452,8.409722222222223,6.7999999999999545,2.0,-1.0,1.0
2026-01-20,16.1,1.4,75,1022.3,14.1,0.0,2.2958333333333334,2.3583333333333334,65.29166666666667,20,1.0813258341494365,3.014182935862408,4.7999999999999545,3.0,0,1.0,1.0,0.0,0,2.0,2.5,0,0,2.3333333333333335,1.7266270914474824,5.977777777777777,4.7999999999999545,2.0,0.5,1.0
2026-01-21,19.7,4.2,84,1021.2,11.5,0.0,8.704166666666667,10.1875,67.95833333333333,21,1.1293309891925722,1.636337695368081,-1.099999999999909,3.0,0,0.0,0.0,1.0,0,1.0,2.5,0,1,2.6666666666666665,2.2720729899035095,5.644444444444443,-1.099999999999909,3.0,0.5,2.0
2026-01-22,23.7,11.3,93,1015.1,13.0,0.0,8.666666666666666,10.545833333333333,68.75,22,1.1787303827793176,2.552583926192239,-6.100000000000023,4.0,1,2.0,3.0,1.0,0,6.0,3.0,1,1,3.3333333333333335,2.401034852474243,6.5555555555555545,-6.100000000000023,3.0,1.0,3.0
2026-01-23,25.4,9.5,97,1013.1,10.7,0.0,8.820833333333333,11.054166666666667,70.20833333333333,23,1.2295219218853384,2.403475039584708,-2.0,3.0,0,1.0,2.0,1.0,0,4.0,3.0,1,1,3.3333333333333335,2.1974655537150096,8.730555555555554,-2.0,4.0,0.0,3.0
2026-01-24,21.3,12.8,99,1014.4,16.7,1.0,8.616666666666667,10.033333333333331,67.29166666666667,24,1.281700757075368,2.964429905786292,1.2999999999999545,3.0,0,1.0,2.0,1.0,0,4.0,3.0,1,1,3.3333333333333335,2.6401629571877465,8.701388888888888,1.2999999999999545,3.0,0.0,3.0
2026-01-25,28.0,13.2,100,1009.7,28.0,0.0,4.395833333333333,5.779166666666666,63.0,25,1.3352591761317167,3.640478891780484,-4.699999999999932,4.0,0,2.0,2.0,2.0,1,6.0,3.0,1,1,3.3333333333333335,3.0027946123838283,7.277777777777778,-4.699999999999932,3.0,1.0,4.0
2026-01-26,21.6,5.7,99,1011.3,20.7,3.6,3.6833333333333336,4.195833333333334,68.16666666666667,26,1.3901865022659707,1.85200385703226,1.599999999999909,3.0,0,2.0,1.0,1.0,0,4.0,3.0,1,1,3.3333333333333335,2.8189708848663453,5.565277777777777,1.599999999999909,4.0,0.0,4.0
2026-01-27,10.1,-2.1,55,1022.5,17.8,0.0,4.55,4.55,73.20833333333333,27,1.4464689974978084,3.435245623744568,11.200000000000045,3.0,0,1.0,1.0,1.0,1,3.0,3.0,1,1,3.3333333333333335,2.9759094575191036,4.209722222222221,11.200000000000045,3.0,0.0,3.0
2026-01-28,13.7,-0.9,68,1019.2,10.8,0.0,2.908333333333333,2.966666666666667,73.29166666666667,28,1.5040897717863777,2.702883641079652,-3.2999999999999545,4.0,0,2.0,2.0,1.0,0,5.0,3.0,1,1,3.3333333333333335,2.6633777072854934,3.713888888888888,-3.2999999999999545,3.0,1.0,3.0
2026-01-29,15.8,-0.5,82,1016.6,14.1,0.0,9.6,9.991666666666667,75.91666666666667,29,1.5630286984982769,3.073225838636628,-2.6000000000000227,3.0,0,2.0,1.0,1.0,0,4.0,3.0,1,1,3.3333333333333335,3.070451701153616,5.68611111111111,-2.6000000000000227,4.0,0.0,2.0
2026-01-30,19.5,0.7,96,1011.7,13.0,0.0,9.108333333333333,10.8875,75.04166666666667,30,1.6232623367917487,3.0618416205905388,-4.899999999999977,3.0,0,2.0,2.0,1.0,0,5.0,3.0,1,1,3.3333333333333335,2.945983700102273,7.205555555555555,-4.899999999999977,3.0,0.0,2.0
2026-01-31,11.7,-1.6,84,1008.0,28.9,0.0,12.275,13.404166666666669,72.625,31,1.6847638614891258,4.3027539728577295,-3.7000000000000455,5.0,0,3.0,2.0,2.0,1,7.0,3.0,1,1,3.6666666666666665,3.479273810694966,10.327777777777778,-3.7000000000000455,3.0,2.0,3.0
2026-02-01,5.2,-5.7,52,1017.0,23.4,0.0,4.954166666666667,4.970833333333333,72.70833333333333,32,1.7475030009987824,4.180404479863184,9.0,4.0,0,1.0,2.0,1.0,0,4.0,3.0,1,1,4.0,3.848333357770484,8.779166666666667,9.0,5.0,1.0,3.0
2026-02-02,11.3,-3.9,63,1020.9,11.3,0.0,3.0708333333333333,3.1375,68.58333333333333,33,1.8114459838337784,3.058674973153251,3.8999999999999773,3.0,0,2.0,1.0,1.0,0,4.0,3.0,1,0,4.0,3.8472778086247224,6.766666666666666,3.8999999999999773,4.0,0.0,3.0
2026-02-03,16.4,-1.6,86,1020.3,10.1,0.0,6.0875,7.104166666666667,74.25,34,1.8765554942569975,2.6008149270464505,-0.6000000000000227,3.0,0,1.0,1.0,1.0,0,3.0,3.0,0,1,3.3333333333333335,3.2799647933542957,4.704166666666667,-0.6000000000000227,3.0,0.0,3.0
2026-02-04,21.0,1.7,87,1015.0,15.8,0.1,7.958333333333333,9.845833333333331,79.70833333333333,35,1.942790637561821,4.239100442019723,-5.2999999999999545,4.0,0,3.0,3.0,2.0,1,8.0,3.0,1,1,3.3333333333333335,3.2995301140731415,5.705555555555555,-5.2999999999999545,3.0,1.0,3.0
2026-02-05,13.2,4.2,99,1009.1,20.7,4.3,10.6375,11.145833333333334,74.58333333333333,36,2.0101069154732745,2.9796400838379897,-5.899999999999977,4.0,0,2.0,3.0,1.0,1,6.0,3.0,1,1,3.6666666666666665,3.273185150968055,8.227777777777776,-5.899999999999977,4.0,1.0,4.0
2026-02-06,16.1,0.4,91,1010.2,22.0,0.0,7.649999999999999,8.225,78.45833333333333,37,2.078456212127136,3.801934813246076,1.1000000000000227,3.0,0,1.0,2.0,0.0,1,3.0,3.0,1,1,3.6666666666666665,3.6735584463679296,8.74861111111111,1.1000000000000227,4.0,0.0,4.0
2026-02-07,19.7,8.7,87,1011.2,15.7,0.0,4.783333333333333,4.9125000000000005,73.79166666666667,38,2.147786791053696,3.980408234507228,1.0,3.0,0,2.0,2.0,1.0,1,5.0,3.0,1,1,3.3333333333333335,3.5873277105304315,7.6902777777777755,1.0,3.0,0.0,3.0
2026-02-08,19.8,1.5,74,1017.7,11.4,0.0,9.991666666666667,10.075,73.79166666666667,39,2.218043303558859,2.9681706354679305,6.5,3.0,1,2.0,2.0,1.0,0,5.0,3.0,1,1,3.0,3.5835045610737453,7.474999999999999,6.5,3.0,0.0,2.0
2026-02-09,22.5,3.8,95,1017.5,6.9,0.0,12.008333333333333,12.820833333333333,70.16666666666667,40,2.2891668088580714,3.294000650355052,-0.20000000000004547,3.0,0,2.0,2.0,1.0,0,5.0,3.0,1,1,3.0,3.414193173443404,8.927777777777777,-0.20000000000004547,3.0,0.0,2.0
2026-02-10,24.1,2.8,89,1016.9,12.9,0.0,7.170833333333333,7.5125,79.58333333333333,41,2.361094806278269,4.11453303788123,-0.6000000000000227,3.0,0,2.0,2.0,1.0,0,5.0,3.0,1,1,3.0,3.458901441234738,9.72361111111111,-0.6000000000000227,3.0,0.0,2.0
2026-02-11,22.1,11.6,97,1014.5,19.0,0.0,6.0375000000000005,7.741666666666667,88.95833333333333,42,2.4337612797998585,4.005488352459175,-2.3999999999999773,3.0,0,2.0,2.0,1.0,1,5.0,3.0,1,1,3.0,3.8046740135651533,8.405555555555553,-2.3999999999999773,3.0,0.0,1.0
2026-02-12,24.0,12.6,100,1012.4,12.6,0.2,6.858333333333333,7.6375,80.5,43,2.507096755164702,4.092447206862431,-2.1000000000000227,4.0,0,2.0,2.0,1.0,1,5.0,3.0,1,1,3.3333333333333335,4.0708228657342795,6.688888888888887,-2.1000000000000227,3.0,1.0,1.0
2026-02-13,23.8,6.2,98,1013.0,16.5,0.0,9.025,10.6,83.54166666666667,44,2.5810283697274814,4.396140740502081,0.6000000000000227,3.0,0,2.0,3.0,2.0,1,7.0,3.0,1,1,3.3333333333333335,4.16469209994123,7.306944444444444,0.6000000000000227,4.0,0.0,1.0
2026-02-14,24.8,8.6,98,1013.8,14.2,0.0,5.691666666666666,7.3125,85.70833333333333,45,2.655479955176726,4.404304019174522,0.7999999999999545,4.0,0,2.0,2.0,2.0,1,6.0,3.0,1,1,3.6666666666666665,4.297630655513012,7.1916666666666655,0.7999999999999545,3.0,1.0,2.0
2026-02-15,26.3,15.5,97,1007.0,30.0,3.0,3.716666666666667,4.558333333333334,82.83333333333333,46,2.730372133198547,5.0,-6.7999999999999545,4.0,0,3.0,3.0,2.0,1,8.0,3.0,1,1,3.6666666666666665,4.600148253225535,6.144444444444443,-6.7999999999999545,4.0,1.0,3.0
2026-02-16,18.8,11.3,99,1008.4,17.3,0.3,5.829166666666667,6.291666666666667,80.20833333333333,47,2.8056224241008723,4.347467177699724,1.3999999999999773,4.0,0,2.0,2.0,1.0,1,5.0,3.0,1,1,4.0,4.583923732291416,5.079166666666666,1.3999999999999773,4.0,1.0,4.0
2026-02-17,24.1,9.2,95,1014.5,12.4,0.0,6.308333333333334,8.075000000000001,89.83333333333333,48,2.881145368359,3.819650902616004,6.100000000000023,2.0,1,1.0,2.0,2.0,0,5.0,3.0,1,1,3.3333333333333335,4.389039360105244,5.284722222222221,6.100000000000023,4.0,-1.0,4.0
2026-02-18,25.9,13.3,97,1011.5,19.1,0.2,5.379166666666666,6.833333333333333,84.45833333333333,49,2.956852660984906,4.451046889134696,-3.0,3.0,0,2.0,2.0,2.0,1,6.0,3.0,1,1,3.0,4.206054989816809,5.838888888888889,-3.0,2.0,0.0,4.0
2026-02-19,27.7,16.4,100,1008.2,17.6,0.1,7.1625000000000005,8.816666666666666,78.66666666666667,50,3.032653298563167,4.436329184576992,-3.2999999999999545,4.0,0,3.0,2.0,1.0,1,6.0,3.0,1,1,3.0,4.2356756587758975,6.283333333333334,-3.2999999999999545,3.0,1.0,4.0
2026-02-20,28.5,17.7,99,1007.6,21.0,0.0,7.045833333333333,8.6,75.33333333333333,51,3.108453738735966,5.0,-0.6000000000000227,5.0,0,2.0,2.0,2.0,1,6.0,3.0,1,1,4.0,4.629125357903896,6.529166666666666,-0.6000000000000227,4.0,2.0,5.0
2026-02-21,29.2,16.8,100,1009.2,18.9,0.0,6.054166666666667,7.270833333333333,68.54166666666667,52,3.184158071858716,5.0,1.6000000000000227,3.0,0,2.0,2.0,1.0,1,5.0,3.0,1,1,4.0,4.812109728192332,6.754166666666666,1.6000000000000227,5.0,0.0,4.0
2026-02-22,21.2,9.9,98,1009.4,25.5,1.1,5.6625000000000005,6.533333333333334,85.91666666666667,53,3.259668204486727,5.0,0.1999999999999318,4.0,0,2.0,2.0,1.0,1,5.0,3.0,1,1,4.0,5.0,6.254166666666666,0.1999999999999318,3.0,1.0,4.0
2026-02-23,11.6,3.6,47,1015.0,18.9,0.0,1.9875,2.0458333333333334,84.375,54,3.334884054292372,5.0,5.600000000000023,3.0,0,2.0,2.0,1.0,1,5.0,3.5,1,1,3.3333333333333335,5.0,4.5680555555555555,5.600000000000023,4.0,-0.5,3.0
2026-02-24,13.5,-0.9,66,1017.1,13.6,0.0,8.7125,8.904166666666667,77.41666666666667,55,3.4097037559517407,4.774904512702904,2.1000000000000227,4.0,0,2.0,2.0,1.0,0,5.0,3.5,1,1,3.6666666666666665,4.924968170900969,5.454166666666667,2.1000000000000227,3.0,0.5,4.0
2026-02-25,20.1,1.5,91,1013.5,14.7,0.0,6.979166666666667,8.395833333333334,81.79166666666667,56,3.484023877480174,5.0,-3.6000000000000227,4.0,0,3.0,3.0,1.0,1,7.0,4.0,1,1,3.6666666666666665,4.924968170900969,5.893055555555555,-3.6000000000000227,4.0,0.0,4.0
2026-02-26,24.4,6.9,82,1010.4,21.6,0.0,7.158333333333334,8.5875,88.91666666666667,57,3.557739646437684,5.0,-3.1000000000000227,4.0,0,3.0,3.0,1.0,1,7.0,4.0,1,1,4.0,4.924968170900969,7.616666666666667,-3.1000000000000227,4.0,0.0,3.0
2026-02-27,25.8,13.8,98,1008.1,18.0,10.9,8.875,10.575,74.75,58,3.630745185368455,3.2488128520043027,-2.2999999999999545,3.0,0,2.0,2.0,1.0,0,5.0,4.0,1,1,3.6666666666666665,4.4162709506681015,7.670833333333333,-2.2999999999999545,4.0,-1.0,2.0
2026-02-28,20.5,14.9,100,1009.3,12.1,0.0,9.254166666666666,9.770833333333334,75.41666666666667,59,3.70293375578376,5.0,1.1999999999999318,3.0,0,3.0,3.0,2.0,1,8.0,4.0,1,1,3.3333333333333335,4.4162709506681015,8.429166666666665,1.1999999999999318,3.0,-1.0,2.0
2026-03-01,24.1,12.1,92,1013.5,13.1,0.0,7.35,7.6625,88.70833333333333,60,3.774198009945037,4.741334987378524,4.2000000000000455,4.0,0,2.0,2.0,2.0,1,6.0,4.0,1,1,3.3333333333333335,4.3300492797942765,8.493055555555555,4.2000000000000455,3.0,0.0,1.0
2026-03-02,25.9,11.7,97,1016.0,16.5,0.0,8.1875,9.716666666666669,88.54166666666667,61,3.84443024965396,5.0,2.5,4.0,1,2.0,2.0,1.0,1,5.0,4.0,1,1,3.6666666666666665,4.913778329126175,8.263888888888888,2.5,4.0,0.0,1.0
2026-03-03,25.5,14.3,97,1017.6,16.7,0.0,5.854166666666667,7.774999999999999,82.33333333333333,62,3.913522691209341,5.0,1.6000000000000227,4.0,0,1.0,3.0,1.0,0,5.0,4.0,1,1,4.0,4.913778329126175,7.1305555555555555,1.6000000000000227,4.0,0.0,0.0
2026-03-04,27.4,14.4,100,1017.0,15.2,0.0,7.55,9.570833333333333,69.95833333333333,63,3.9813677356470967,5.0,-0.6000000000000227,4.0,0,2.0,3.0,2.0,0,7.0,4.0,1,1,4.0,5.0,7.197222222222222,-0.6000000000000227,4.0,0.0,0.0
2026-03-05,28.8,16.8,99,1015.5,11.6,7.5,6.533333333333334,8.5375,62.79166666666666,64,4.047858243339435,3.2434584409762715,-1.5,3.0,0,3.0,1.0,0.0,1,4.0,4.0,1,1,3.6666666666666665,4.414486146992091,6.645833333333333,-1.5,4.0,-1.0,0.0
2026-03-06,29.9,18.7,100,1016.2,13.1,1.1,6.908333333333334,8.845833333333333,56.625,65,4.112887811993323,5.0,0.7000000000000455,4.0,0,2.0,2.0,1.0,1,5.0,4.0,1,1,3.6666666666666665,4.414486146992091,6.997222222222223,0.7000000000000455,3.0,0.0,0.0
2026-03-07,29.8,18.1,99,1014.9,12.6,0.3,6.075,8.041666666666666,58.75,66,4.17635105705636,5.0,-1.3000000000000682,4.0,0,2.0,2.0,2.0,1,6.0,4.0,1,1,3.6666666666666665,4.414486146992091,6.5055555555555555,-1.3000000000000682,4.0,0.0,0.0
2026-03-08,28.6,17.8,100,1012.1,14.0,5.9,6.508333333333333,8.045833333333333,60.79166666666666,67,4.238143893510679,3.5294264062833167,-2.7999999999999545,4.0,0,2.0,2.0,2.0,1,6.0,4.0,1,1,4.0,4.509808802094439,6.497222222222221,-2.7999999999999545,4.0,0.0,0.0
2026-03-09,29.0,19.1,100,1013.3,12.6,0.0,4.875,6.320833333333333,55.54166666666666,68,4.298163818012712,4.9522249281383655,1.1999999999999318,3.0,0,2.0,2.0,0.0,1,4.0,4.0,1,1,3.6666666666666665,4.493883778140561,5.819444444444444,1.1999999999999318,4.0,-1.0,0.0
2026-03-10,30.9,16.9,100,1014.5,12.8,0.0,3.8666666666666663,4.7625,54.375,69,4.356310190318697,5.0,1.2000000000000455,4.0,0,2.0,2.0,1.0,1,5.0,4.0,1,1,3.6666666666666665,4.493883778140561,5.083333333333333,1.2000000000000455,3.0,0.0,0.0
2026-03-11,31.8,17.3,90,1012.5,15.1,0.0,7.258333333333333,8.133333333333333,62.958333333333336,70,4.412484512922977,5.0,-2.0,4.0,0,2.0,2.0,2.0,1,6.0,4.0,1,1,3.6666666666666665,4.984074976046123,5.333333333333332,-2.0,4.0,0.0,0.0
2026-03-12,26.3,17.9,99,1008.8,22.2,6.6,4.9750000000000005,6.025,67.79166666666667,71,4.466590707828413,4.792228205480495,-3.7000000000000455,5.0,0,3.0,3.0,1.0,1,7.0,4.0,1,1,4.333333333333333,4.930742735160166,5.366666666666666,-3.7000000000000455,4.0,1.0,1.0
2026-03-13,25.5,12.8,83,1011.9,17.4,0.0,6.6000000000000005,8.329166666666667,101.625,72,4.51853538936598,5.0,3.1000000000000227,4.0,0,2.0,2.0,1.0,0,5.0,4.0,1,1,4.333333333333333,4.930742735160166,6.277777777777778,3.1000000000000227,5.0,0.0,1.0
2026-03-14,24.7,14.0,94,1011.7,15.2,0.1,5.695833333333333,7.558333333333334,94.04166666666669,73,4.568228131983645,5.0,-0.1999999999999318,4.0,0,2.0,2.0,2.0,0,6.0,4.0,1,0,4.333333333333333,4.930742735160166,5.756944444444444,-0.1999999999999318,4.0,0.0,1.0
2026-03-15,29.5,17.7,99,1008.7,15.2,25.8,6.708333333333333,8.1625,71.20833333333333,74,4.615581731933179,0.0,-3.0,1.0,0,2.0,1.0,0.0,0,3.0,4.0,0,1,3.0,3.3333333333333344,6.334722222222221,-3.0,4.0,-3.0,1.0
2026-03-16,25.6,11.0,98,1003.9,23.4,7.0,4.795833333333333,5.729166666666667,69.125,75,4.660512461797638,4.546969487317185,-4.800000000000068,4.0,1,3.0,3.0,2.0,1,8.0,4.0,1,1,3.0,3.182323162439062,5.733333333333332,-4.800000000000068,1.0,0.0,1.0
2026-03-17,13.9,3.2,68,1014.1,19.3,0.0,5.579166666666667,5.966666666666666,96.25,76,4.70294031682171,5.0,10.200000000000045,4.0,0,2.0,2.0,2.0,0,6.0,4.0,1,1,3.0,3.182323162439062,5.694444444444444,10.200000000000045,4.0,0.0,1.0
2026-03-18,17.4,3.0,68,1016.6,15.0,0.0,3.458333333333333,3.6375,103.20833333333331,77,4.742789252032115,5.0,2.5,4.0,1,2.0,2.0,1.0,1,5.0,4.0,1,1,4.0,4.8489898291057285,4.611111111111111,2.5,4.0,0.0,1.0
2026-03-19,19.7,6.0,79,1015.6,16.2,0.0,3.391666666666667,3.8625,108.625,78,4.7799874091655,5.0,-1.0,4.0,0,2.0,2.0,1.0,0,5.0,4.0,1,1,4.0,5.0,4.143055555555555,-1.0,4.0,0.0,0.0
2026-03-20,22.7,7.9,84,1014.3,14.1,0.0,3.875,4.7375,102.375,79,4.814467332456814,5.0,-1.3000000000000682,3.0,0,2.0,2.0,1.0,1,5.0,4.0,1,1,3.6666666666666665,5.0,3.5749999999999993,-1.3000000000000682,4.0,-1.0,0.0
2026-03-21,27.0,8.3,94,1011.7,14.5,0.0,10.283333333333331,11.1125,109.25,80,4.846166172381721,5.0,-2.599999999999909,5.0,0,3.0,3.0,2.0,1,8.0,4.0,1,1,4.0,5.0,5.849999999999999,-2.599999999999909,3.0,1.0,1.0
2026-03-22,27.8,12.9,96,1011.2,14.6,0.0,7.762499999999999,9.716666666666669,107.70833333333331,81,4.875025876492089,5.0,-0.5,3.0,0,2.0,2.0,1.0,1,5.0,4.0,1,1,3.6666666666666665,5.0,7.306944444444443,-0.5,5.0,-1.0,1.0
2026-03-23,28.5,14.2,97,1010.7,15.9,0.0,4.679166666666666,5.954166666666667,96.75,82,4.900993366533776,5.0,-0.5,5.0,1,1.0,3.0,1.0,0,5.0,4.0,1,1,4.333333333333333,5.0,7.574999999999998,-0.5,3.0,1.0,2.0
2026-03-24,23.2,15.0,97,1012.5,21.5,0.1,7.595833333333334,8.916666666666666,91.0,83,4.924020701090478,5.0,1.7999999999999545,3.0,0,2.0,2.0,1.0,0,5.0,4.0,1,1,3.6666666666666665,5.0,6.679166666666666,1.7999999999999545,5.0,-1.0,2.0
2026-03-25,25.2,15.2,93,1014.5,17.4,1.1,5.675,7.291666666666667,103.08333333333331,84,4.944065223056166,5.0,2.0,3.0,0,2.0,2.0,1.0,0,5.0,4.0,1,1,3.6666666666666665,5.0,5.983333333333333,2.0,3.0,-1.0,2.0
2026-03-26,28.4,15.5,99,1013.8,15.9,0.4,5.158333333333333,6.833333333333333,92.79166666666669,85,4.9610896913012175,5.0,-0.7000000000000455,3.0,1,2.0,3.0,2.0,0,7.0,4.0,1,1,3.0,5.0,6.143055555555555,-0.7000000000000455,3.0,-1.0,2.0
2026-03-27,29.9,16.0,96,1012.3,15.4,0.0,8.854166666666666,9.920833333333333,88.08333333333333,86,4.975062395963412,5.0,-1.5,3.0,1,2.0,2.0,2.0,1,6.0,4.0,1,1,3.0,5.0,6.5625,-1.5,3.0,-1.0,2.0
2026-03-28,26.3,14.8,98,1015.6,26.7,0.0,5.55,6.141666666666667,85.95833333333333,87,4.985957256864225,5.0,3.300000000000068,3.0,0,2.0,3.0,1.0,1,6.0,3.5,1,1,3.0,5.0,6.520833333333332,3.300000000000068,3.0,-0.5,1.0
2026-03-29,22.6,15.6,85,1020.4,24.1,0.4,9.3375,11.920833333333334,114.91666666666669,88,4.9937539046229045,5.0,4.7999999999999545,5.0,0,2.0,2.0,2.0,0,6.0,3.0,1,1,3.6666666666666665,5.0,7.913888888888889,4.7999999999999545,3.0,2.0,2.0
2026-03-30,27.1,14.9,94,1019.2,16.0,0.2,6.920833333333333,9.520833333333334,101.45833333333331,89,4.998437744115195,5.0,-1.1999999999999318,4.0,0,3.0,2.0,1.0,0,6.0,3.5,1,1,4.0,5.0,7.269444444444445,-1.1999999999999318,5.0,0.5,2.0
2026-03-31,28.8,16.2,96,1017.4,11.9,0.3,6.166666666666667,8.641666666666667,88.45833333333333,90,5.0,5.0,-1.8000000000000682,3.0,0,2.0,2.0,1.0,1,5.0,3.5,1,1,4.0,5.0,7.474999999999999,-1.8000000000000682,4.0,-0.5,2.0
2026-04-01,27.0,15.6,94,1015.6,13.3,0.2,7.883333333333333,11.429166666666667,84.91666666666667,91,4.998437744115195,5.0,-1.7999999999999545,4.0,0,3.0,3.0,1.0,1,7.0,3.0,1,1,3.6666666666666665,5.0,6.990277777777777,-1.7999999999999545,3.0,1.0,3.0
2026-04-02,28.3,16.0,93,1015.1,20.1,0.0,5.05,7.108333333333333,83.125,92,4.9937539046229045,5.0,-0.5,3.0,0,3.0,1.0,2.0,0,6.0,3.0,1,1,3.3333333333333335,5.0,6.366666666666666,-0.5,4.0,0.0,3.0
2026-04-03,29.6,18.3,99,1016.1,14.7,7.4,6.491666666666667,9.154166666666669,79.58333333333333,93,4.985957256864225,4.109849559008087,1.0,3.0,0,2.0,2.0,2.0,0,6.0,3.0,1,1,3.3333333333333335,4.703283186336029,6.4750000000000005,1.0,3.0,0.0,3.0
2026-04-04,29.2,18.4,98,1015.4,14.7,0.0,5.579166666666667,8.012500000000001,75.45833333333333,94,4.975062395963412,5.0,-0.7000000000000455,4.0,0,2.0,2.0,2.0,1,6.0,3.0,1,1,3.3333333333333335,4.703283186336029,5.706944444444445,-0.7000000000000455,3.0,1.0,4.0
2026-04-05,30.3,17.3,98,1012.2,12.4,0.1,5.108333333333333,6.908333333333334,71.33333333333333,95,4.9610896913012175,5.0,-3.199999999999932,4.0,0,3.0,3.0,1.0,1,7.0,3.0,1,1,3.6666666666666665,4.703283186336029,5.726388888888889,-3.199999999999932,4.0,1.0,4.0
2026-04-06,26.2,16.5,96,1010.0,18.5,0.0,10.7,11.716666666666669,75.375,96,4.944065223056166,5.0,-2.2000000000000455,4.0,0,2.0,2.0,1.0,1,5.0,3.0,1,1,4.0,5.0,7.129166666666666,-2.2000000000000455,4.0,1.0,4.0
2026-04-07,17.6,13.3,98,1010.2,21.3,10.6,9.183333333333334,10.216666666666669,94.25,97,4.924020701090478,3.6798752819588367,0.20000000000004547,4.0,0,2.0,2.0,1.0,0,5.0,3.0,1,1,4.0,4.559958427319613,8.330555555555556,0.20000000000004547,4.0,1.0,5.0
2026-04-08,21.9,16.4,89,1013.3,28.8,4.4,7.641666666666667,9.729166666666666,102.16666666666669,98,4.900993366533776,5.0,3.099999999999909,4.0,0,2.0,2.0,2.0,0,6.0,3.5,1,1,4.0,4.559958427319613,9.174999999999999,3.099999999999909,4.0,0.5,5.0
2026-04-09,22.8,15.9,91,1016.5,25.7,1.2,7.475,9.683333333333334,107.29166666666669,99,4.875025876492089,5.0,3.2000000000000455,4.0,1,2.0,2.0,1.0,1,5.0,4.0,1,1,4.0,4.559958427319613,8.1,3.2000000000000455,4.0,0.0,5.0
2026-04-10,25.5,15.0,98,1017.1,18.9,0.0,7.829166666666667,10.370833333333334,103.95833333333331,100,4.846166172381721,5.0,0.6000000000000227,4.0,0,2.0,3.0,1.0,1,6.0,4.0,1,1,4.0,5.0,7.648611111111111,0.6000000000000227,4.0,0.0,5.0
2026-04-11,26.7,13.6,96,1017.5,14.0,0.0,6.991666666666667,9.466666666666669,95.08333333333331,101,4.814467332456814,5.0,0.39999999999997726,4.0,0,2.0,2.0,1.0,1,5.0,4.0,1,1,4.0,5.0,7.4319444444444445,0.39999999999997726,4.0,0.0,4.0
2026-04-12,27.3,12.7,97,1018.6,16.8,0.0,5.1625000000000005,6.958333333333333,92.375,102,4.7799874091655,5.0,1.1000000000000227,4.0,0,2.0,2.0,1.0,1,5.0,4.0,1,1,4.0,5.0,6.661111111111111,1.1000000000000227,4.0,0.0,3.0
2026-04-13,27.5,13.5,95,1018.5,13.0,0.0,7.05,9.645833333333334,95.33333333333331,103,4.742789252032115,5.0,-0.10000000000002274,3.0,0,2.0,2.0,0.0,1,4.0,4.0,1,1,3.6666666666666665,5.0,6.401388888888889,-0.10000000000002274,4.0,-1.0,2.0
2026-04-14,28.9,14.2,96,1015.8,13.3,0.0,7.225,10.158333333333331,93.79166666666669,104,4.70294031682171,5.0,-2.7000000000000455,5.0,1,2.0,3.0,1.0,1,6.0,4.0,1,1,4.0,5.0,6.479166666666667,-2.7000000000000455,3.0,1.0,2.0
2026-04-15,28.9,14.7,94,1013.8,16.8,0.0,6.508333333333333,8.620833333333334,93.45833333333331,105,4.660512461797638,5.0,-2.0,4.0,0,2.0,3.0,2.0,1,7.0,4.0,1,1,4.0,5.0,6.927777777777777,-2.0,5.0,0.0,1.0
2026-04-16,29.6,14.4,92,1012.8,9.4,0.0,6.925,9.05,91.58333333333331,106,4.615581731933179,5.0,-1.0,4.0,0,3.0,2.0,1.0,0,6.0,4.0,1,1,4.333333333333333,5.0,6.88611111111111,-1.0,4.0,0.0,1.0
2026-04-17,30.7,14.1,99,1010.6,9.6,0.0,5.966666666666666,6.6875,94.83333333333331,107,4.568228131983645,5.0,-2.199999999999932,4.0,0,2.0,2.0,2.0,0,6.0,4.0,1,1,4.0,5.0,6.466666666666666,-2.199999999999932,4.0,0.0,1.0
2026-04-18,32.1,14.7,94,1008.9,15.5,0.0,5.183333333333333,6.041666666666667,97.25,108,4.51853538936598,5.0,-1.7000000000000455,4.0,0,2.0,2.0,1.0,1,5.0,4.0,1,1,4.0,5.0,6.0249999999999995,-1.7000000000000455,4.0,0.0,1.0
2026-04-19,31.3,17.6,90,1009.4,19.2,0.0,5.4,6.4375,91.91666666666669,109,4.466590707828413,5.0,0.5,4.0,0,2.0,3.0,1.0,0,6.0,4.0,1,1,4.0,5.0,5.516666666666666,0.5,4.0,0.0,1.0
2026-04-20,24.3,13.2,62,1015.0,19.2,0.0,5.075,6.141666666666667,112.91666666666669,110,4.412484512922977,5.0,5.600000000000023,4.0,0,2.0,3.0,1.0,0,6.0,4.0,1,1,4.0,5.0,5.219444444444444,5.600000000000023,4.0,0.0,1.0
2026-04-21,27.1,9.9,88,1017.3,15.0,0.0,5.7875000000000005,9.533333333333331,110.0,111,4.356310190318697,5.0,2.2999999999999545,4.0,0,1.0,2.0,1.0,0,4.0,4.0,1,1,4.0,5.0,5.420833333333334,2.2999999999999545,4.0,0.0,0.0
2026-04-22,24.8,13.1,83,1015.8,11.7,0.1,7.2,9.933333333333334,97.08333333333331,112,4.298163818012712,5.0,-1.5,5.0,0,3.0,3.0,2.0,1,8.0,4.0,1,1,4.333333333333333,5.0,6.020833333333333,-1.5,4.0,1.0,1.0
2026-04-23,26.7,12.5,93,1011.4,12.8,0.0,7.2375,9.2125,92.33333333333331,113,4.238143893510679,5.0,-4.399999999999977,4.0,0,2.0,3.0,2.0,1,7.0,4.0,1,1,4.333333333333333,5.0,6.741666666666667,-4.399999999999977,5.0,0.0,1.0
2026-04-24,28.7,15.1,95,1007.1,9.1,0.0,7.854166666666667,10.0375,95.375,114,4.17635105705636,5.0,-4.2999999999999545,4.0,0,3.0,3.0,1.0,1,7.0,4.0,1,1,4.333333333333333,5.0,7.4305555555555545,-4.2999999999999545,4.0,0.0,1.0
2026-04-25,30.3,15.7,90,1004.3,16.9,0.0,8.558333333333334,9.779166666666669,88.5,115,4.112887811993323,4.99283077733028,-2.800000000000068,3.0,0,2.0,3.0,2.0,1,7.0,4.0,1,1,3.6666666666666665,4.997610259110094,7.883333333333333,-2.800000000000068,4.0,-1.0,1.0
2026-04-26,30.0,17.5,98,1004.4,11.1,1.3,6.008333333333333,7.691666666666666,80.75,116,4.047858243339435,4.842439969247206,0.10000000000002274,3.0,0,1.0,2.0,1.0,1,4.0,4.0,1,1,3.3333333333333335,4.945090248859163,7.473611111111111,0.10000000000002274,3.0,-1.0,1.0
2026-04-27,26.0,18.0,99,1010.1,20.6,0.0,6.875,8.066666666666666,94.875,117,3.9813677356470967,5.0,5.7000000000000455,3.0,0,2.0,2.0,2.0,1,6.0,4.0,1,1,3.0,4.945090248859163,7.147222222222222,5.7000000000000455,3.0,-1.0,1.0
2026-04-28,30.1,15.7,97,1012.5,12.8,0.2,6.4750000000000005,9.0625,93.125,118,3.913522691209341,5.0,2.3999999999999773,4.0,0,1.0,2.0,1.0,0,4.0,4.0,1,1,3.3333333333333335,4.94747998974907,6.452777777777778,2.3999999999999773,3.0,0.0,1.0
2026-04-29,31.9,17.9,95,1008.3,16.4,0.0,5.383333333333333,7.245833333333334,86.875,119,3.84443024965396,5.0,-4.2000000000000455,4.0,0,3.0,3.0,2.0,1,8.0,4.0,1,1,3.6666666666666665,5.0,6.2444444444444445,-4.2000000000000455,4.0,0.0,0.0
2026-04-30,30.6,21.1,93,1004.2,16.1,1.4,3.633333333333333,4.729166666666667,86.70833333333333,120,3.774198009945037,4.918303433358278,-4.099999999999909,4.0,0,3.0,3.0,3.0,1,9.0,4.0,1,1,4.0,4.972767811119427,5.163888888888889,-4.099999999999909,4.0,0.0,0.0
2026-05-01,30.9,20.2,98,1004.4,13.4,0.0,8.483333333333333,9.783333333333331,87.45833333333333,121,3.70293375578376,5.0,0.1999999999999318,4.0,1,2.0,2.0,1.0,1,5.0,4.0,1,1,4.0,4.972767811119426,5.833333333333332,0.1999999999999318,4.0,0.0,0.0
2026-05-02,24.3,16.6,99,1003.9,22.7,9.2,9.5875,10.216666666666669,73.45833333333333,122,3.630745185368455,3.487047263036504,-0.5,2.0,0,2.0,2.0,1.0,1,5.0,4.0,1,1,3.3333333333333335,4.468450232131595,7.234722222222222,-0.5,4.0,-2.0,0.0
2026-05-03,24.6,12.9,99,1010.6,15.6,0.0,7.95,8.433333333333334,102.66666666666669,123,3.557739646437684,4.6376210836153735,6.7000000000000455,3.0,0,2.0,1.0,1.0,0,4.0,4.0,1,1,3.0,4.37488944888396,8.67361111111111,6.7000000000000455,2.0,-1.0,0.0
2026-05-04,26.7,13.5,90,1010.1,14.4,0.0,7.058333333333334,9.425,109.04166666666669,124,3.484023877480174,4.790223383143794,-0.5,4.0,0,2.0,2.0,1.0,0,5.0,4.0,1,1,3.0,4.3049639099318915,8.198611111111111,-0.5,3.0,0.0,0.0
2026-05-05,28.8,15.0,87,1009.0,11.2,0.0,5.545833333333333,7.391666666666667,108.08333333333331,125,3.4097037559517407,4.339725631487358,-1.1000000000000227,4.0,0,3.0,2.0,1.0,0,6.0,4.0,1,1,3.6666666666666665,4.589190032748842,6.851388888888889,-1.1000000000000227,4.0,0.0,0.0
2026-05-06,32.7,17.1,86,1009.2,15.1,0.0,8.129166666666666,9.966666666666669,95.54166666666669,126,3.334884054292372,4.583552361262887,0.20000000000004547,3.0,0,2.0,2.0,1.0,1,5.0,4.0,1,1,3.6666666666666665,4.571167125298014,6.911111111111111,0.20000000000004547,4.0,-1.0,0.0
2026-05-07,31.8,20.2,94,1007.5,16.1,0.0,6.070833333333333,7.158333333333334,86.83333333333333,127,3.259668204486727,5.0,-1.7000000000000455,5.0,0,3.0,2.0,2.0,1,7.0,4.0,1,0,4.0,4.641092664250082,6.581944444444445,-1.7000000000000455,3.0,1.0,1.0
2026-05-08,32.1,21.8,98,1007.2,20.2,8.5,9.75,10.9625,71.5,128,3.184158071858716,2.8161507562430983,-0.2999999999999545,2.0,1,1.0,1.0,1.0,0,3.0,4.0,0,1,3.3333333333333335,4.133234372501996,7.983333333333333,-0.2999999999999545,5.0,-2.0,1.0
2026-05-09,27.5,19.4,99,1006.7,14.8,3.1,14.216666666666669,15.091666666666669,72.41666666666667,129,3.108453738735966,3.154100157001948,-0.5,3.0,0,2.0,2.0,1.0,1,5.0,3.5,1,1,3.3333333333333335,3.656750304415016,10.012500000000001,-0.5,2.0,-0.5,1.0
2026-05-10,30.2,20.6,98,1008.7,14.0,0.5,10.7375,11.516666666666666,63.04166666666666,130,3.032653298563167,4.6497980773850776,2.0,3.0,0,2.0,2.0,1.0,0,5.0,3.5,1,1,2.6666666666666665,3.540016330210042,11.568055555555555,2.0,3.0,-0.5,1.0
2026-05-11,31.0,20.4,100,1009.7,15.5,1.0,11.933333333333332,13.766666666666666,49.29166666666666,131,2.956852660984906,5.0,1.0,2.0,0,2.0,3.0,2.0,1,7.0,3.5,1,0,2.6666666666666665,4.267966078129009,12.295833333333334,1.0,3.0,-1.5,1.0
2026-05-12,25.1,20.4,100,1009.1,18.6,26.2,6.375,6.7375,65.79166666666667,132,2.881145368359,0.0,-0.6000000000000227,3.0,0,0.0,1.0,0.0,0,1.0,3.5,0,1,2.6666666666666665,3.21659935912836,9.681944444444445,-0.6000000000000227,2.0,-0.5,1.0
2026-05-13,28.9,18.8,100,1005.6,13.4,1.2,5.275,6.3,63.208333333333336,133,2.8056224241008723,3.177874437719267,-3.5,4.0,0,2.0,2.0,2.0,1,6.0,3.0,1,1,3.0,2.725958145906423,7.861111111111111,-3.5,3.0,1.0,2.0
2026-05-14,30.3,19.2,100,1005.1,12.2,0.0,8.225,9.8375,80.41666666666667,134,2.730372133198547,3.7566785040520463,-0.5,3.0,0,2.0,2.0,1.0,1,5.0,3.0,1,1,3.3333333333333335,2.311517647257105,6.625,-0.5,4.0,0.0,1.0
2026-05-15,30.6,14.9,89,1009.6,16.7,0.0,5.45,6.6625000000000005,97.75,135,2.655479955176726,4.832244414851375,4.5,4.0,0,2.0,2.0,1.0,1,5.0,3.0,1,1,3.6666666666666665,3.922265785540896,6.316666666666666,4.5,3.0,1.0,2.0
2026-05-16,33.1,19.6,98,1011.8,14.9,1.2,7.7875,10.308333333333334,90.66666666666669,136,2.5810283697274814,3.4279605834799693,2.199999999999932,3.0,1,2.0,1.0,1.0,0,4.0,3.0,1,1,3.3333333333333335,4.0056278341277975,7.154166666666666,2.199999999999932,4.0,0.0,2.0
2026-05-17,31.5,21.4,98,1012.6,14.2,0.6,6.816666666666666,9.258333333333333,76.41666666666667,137,2.507096755164702,3.924624526423193,0.8000000000000682,3.0,0,1.0,1.0,1.0,1,3.0,3.0,1,1,3.3333333333333335,4.061609841584846,6.684722222222223,0.8000000000000682,3.0,0.0,2.0
2026-05-18,31.8,19.2,96,1014.6,17.6,0.0,8.320833333333333,12.116666666666667,84.0,138,2.4337612797998585,4.503614901171593,2.0,3.0,0,1.0,2.0,1.0,0,4.0,3.0,1,0,3.0,3.9520666703582528,7.641666666666667,2.0,3.0,0.0,2.0
2026-05-19,31.2,21.3,99,1014.4,16.7,4.5,6.8,9.733333333333333,63.04166666666666,139,2.361094806278269,2.310322617647036,-0.20000000000004547,3.0,0,1.0,1.0,0.0,0,2.0,3.0,0,1,3.0,3.5795206817472747,7.3125,-0.20000000000004547,3.0,0.0,2.0
2026-05-20,32.5,19.5,97,1011.7,15.0,0.0,7.854166666666667,10.833333333333334,63.583333333333336,140,2.2891668088580714,3.7653566664333513,-2.699999999999932,3.0,0,2.0,2.0,2.0,1,6.0,3.0,1,0,3.0,3.526431395083994,7.658333333333334,-2.699999999999932,3.0,0.0,1.0
2026-05-21,32.8,21.3,98,1010.1,8.1,1.1,5.895833333333333,7.658333333333334,65.25,141,2.218043303558859,1.40153636753123,-1.6000000000000227,3.0,0,2.0,1.0,0.0,0,3.0,3.0,0,1,3.0,2.492405217203873,6.8500000000000005,-1.6000000000000227,3.0,0.0,1.0
2026-05-22,33.4,22.4,98,1009.8,15.0,0.1,5.958333333333333,7.679166666666667,67.33333333333333,142,2.147786791053696,3.20803173451998,-0.3000000000000682,3.0,0,2.0,2.0,1.0,0,5.0,3.0,1,0,3.0,2.7916415894948545,6.569444444444444,-0.3000000000000682,3.0,0.0,0.0
2026-05-23,31.2,23.0,99,1011.3,10.8,7.8,6.758333333333333,8.6875,64.125,143,2.078456212127136,0.717428951569872,1.5,2.0,1,0.0,1.0,0.0,0,1.0,3.0,0,0,2.6666666666666665,1.7756656845403611,6.204166666666666,1.5,3.0,-1.0,0.0
2026-05-24,31.7,22.0,100,1011.8,12.5,4.8,7.1000000000000005,8.995833333333334,61.375,144,2.0101069154732745,1.3209936426873348,0.5,3.0,0,1.0,1.0,1.0,0,3.0,3.0,0,1,2.6666666666666665,1.7488181095923963,6.605555555555555,0.5,2.0,0.0,0.0
2026-05-25,33.0,22.3,99,1011.0,14.1,2.0,7.6375,10.208333333333334,56.833333333333336,145,1.942790637561821,3.405755159134475,-0.7999999999999545,3.0,0,2.0,1.0,2.0,0,5.0,3.0,1,0,2.6666666666666665,1.8147259177972277,7.165277777777778,-0.7999999999999545,3.0,0.0,0.0
2026-05-26,33.3,22.1,99,1010.9,15.4,4.6,6.708333333333333,9.104166666666666,53.91666666666666,146,1.8765554942569975,1.4644989430727446,-0.10000000000002274,2.0,0,0.0,1.0,0.0,0,1.0,3.0,0,0,2.6666666666666665,2.0637492482981856,7.148611111111111,-0.10000000000002274,3.0,-1.0,0.0
2026-05-27,33.1,22.0,100,1010.3,16.1,11.5,7.4375,9.808333333333334,53.04166666666666,147,1.8114459838337784,0.0,-0.6000000000000227,2.0,1,1.0,1.0,0.0,0,2.0,3.0,0,0,2.3333333333333335,1.6234180340690738,7.26111111111111,-0.6000000000000227,2.0,-1.0,0.0
2026-05-28,30.6,22.1,99,1008.6,12.5,9.4,6.304166666666667,8.0875,48.958333333333336,148,1.7475030009987824,0.2297992319132191,-1.6999999999999318,2.0,0,0.0,0.0,0.0,0,0.0,3.0,0,0,2.0,0.5647660583286552,6.816666666666666,-1.6999999999999318,2.0,-1.0,0.0
2026-05-29,32.8,22.6,100,1007.3,11.3,8.9,8.616666666666667,10.508333333333333,48.333333333333336,149,1.6847638614891258,0.7212731771155723,-1.3000000000000682,3.0,0,1.0,1.0,1.0,0,3.0,3.0,0,0,2.3333333333333335,0.3170241363429311,7.452777777777778,-1.3000000000000682,2.0,0.0,0.0
2026-05-30,29.8,23.2,100,1007.0,16.0,20.9,10.316666666666666,12.8625,42.833333333333336,150,1.6232623367917487,0.0,-0.2999999999999545,3.0,1,1.0,1.0,1.0,0,3.0,3.0,0,0,2.6666666666666665,0.3170241363429311,8.4125,-0.2999999999999545,3.0,0.0,0.0
2026-05-31,31.8,22.6,100,1007.6,15.1,4.5,9.3125,12.1375,44.583333333333336,151,1.5630286984982769,2.1882941993602607,0.6000000000000227,3.0,0,1.0,1.0,1.0,0,3.0,3.0,0,0,3.0,0.9698557921586115,9.415277777777778,0.6000000000000227,3.0,0.0,0.0
2026-06-01,31.1,23.0,99,1007.5,19.0,3.7,9.820833333333333,12.454166666666666,58.625,152,1.5040897717863777,2.298182996194212,-0.10000000000002274,3.0,0,1.0,0.0,0.0,0,1.0,3.0,0,0,3.0,1.4954923985181583,9.816666666666666,-0.10000000000002274,3.0,0.0,0.0
2026-06-02,32.0,22.5,99,1008.0,18.4,3.5,7.545833333333333,8.808333333333334,73.20833333333333,153,1.4464689974978084,1.843865537078628,0.5,2.0,1,1.0,1.0,1.0,0,3.0,3.0,0,1,2.6666666666666665,2.1101142442110343,8.893055555555556,0.5,3.0,-1.0,0.0
2026-06-03,28.3,20.1,92,1012.9,21.6,0.0,7.825,11.575,95.625,154,1.3901865022659707,3.73502789197128,4.899999999999977,3.0,0,1.0,2.0,2.0,0,5.0,3.0,1,1,2.6666666666666665,2.6256921417480408,8.397222222222222,4.899999999999977,2.0,0.0,0.0
2026-06-04,28.9,17.1,84,1013.5,17.2,0.0,7.954166666666667,11.6375,92.91666666666669,155,1.3352591761317167,3.134883054361105,0.6000000000000227,2.0,0,2.0,1.0,2.0,1,5.0,3.0,1,1,2.3333333333333335,2.904592161137005,7.7749999999999995,0.6000000000000227,3.0,-1.0,0.0
2026-06-05,29.2,17.2,93,1012.3,12.1,0.0,8.204166666666667,11.6125,81.83333333333333,156,1.281700757075368,2.25161400621185,-1.2000000000000455,3.0,0,2.0,1.0,1.0,0,4.0,3.0,1,1,2.6666666666666665,3.040508317514746,7.9944444444444445,-1.2000000000000455,2.0,0.0,0.0
2026-06-06,30.6,18.5,91,1010.9,12.6,0.0,7.158333333333334,10.725,72.41666666666667,157,1.2295219218853384,2.5174427558813464,-1.3999999999999773,3.0,0,2.0,2.0,1.0,0,5.0,3.0,1,1,2.6666666666666665,2.6346466054847677,7.772222222222223,-1.3999999999999773,3.0,0.0,0.0
2026-06-07,32.1,19.7,95,1009.9,14.4,0.0,7.020833333333333,10.020833333333334,71.625,158,1.1787303827793176,2.4646049440346136,-1.0,4.0,0,1.0,1.0,1.0,1,3.0,3.0,1,1,3.3333333333333335,2.4112205687092705,7.461111111111112,-1.0,3.0,1.0,1.0
2026-06-08,32.0,20.2,89,1011.9,11.0,0.0,9.625,13.2375,71.875,159,1.1293309891925722,2.274737927293072,2.0,2.0,1,2.0,1.0,1.0,1,4.0,3.0,1,0,3.0,2.418928542403011,7.934722222222223,2.0,4.0,-1.0,1.0
2026-06-09,29.9,21.2,98,1013.3,16.2,2.1,8.049999999999999,11.320833333333333,54.5,160,1.0813258341494365,2.336178103957855,1.3999999999999773,2.0,1,1.0,2.0,0.0,0,3.0,3.0,0,1,2.6666666666666665,2.3585069917618475,8.231944444444444,1.3999999999999773,2.0,-1.0,1.0
2026-06-10,31.0,22.3,99,1010.7,15.9,3.2,6.0875,8.120833333333334,58.79166666666666,161,1.034714364638388,2.299121091096529,-2.599999999999909,3.0,0,2.0,1.0,2.0,0,5.0,3.0,1,1,2.3333333333333335,2.3033457074491523,7.920833333333333,-2.599999999999909,2.0,0.0,1.0
2026-06-11,32.9,21.6,97,1009.4,12.2,2.3,9.904166666666669,12.325,72.66666666666667,162,0.9894934954180732,1.0243672958873338,-1.3000000000000682,3.0,1,2.0,1.0,1.0,0,4.0,3.0,1,1,2.6666666666666665,1.8865554969805733,8.01388888888889,-1.3000000000000682,3.0,0.0,1.0
2026-06-12,33.9,23.2,99,1009.4,11.5,1.4,6.304166666666666,7.5625,48.958333333333336,163,0.9456577256911278,2.528871075553635,0.0,3.0,0,1.0,1.0,2.0,0,4.0,3.0,1,0,3.0,1.9507864875124998,7.4319444444444445,0.0,3.0,0.0,1.0
2026-06-13,34.9,23.7,100,1009.3,13.2,6.6,7.774999999999999,9.433333333333334,46.875,164,0.90319925809447,0.0,-0.10000000000002274,2.0,0,0.0,1.0,0.0,0,1.0,3.0,0,0,2.6666666666666665,1.1844127904803237,7.9944444444444445,-0.10000000000002274,3.0,-1.0,1.0
2026-06-14,30.1,23.6,99,1009.1,15.9,5.7,7.108333333333333,8.9625,45.875,165,0.8621081194687641,0.6813940814545308,-0.1999999999999318,2.0,0,0.0,1.0,0.0,0,1.0,3.0,0,0,2.3333333333333335,1.0700883856693892,7.0625,-0.1999999999999318,2.0,-1.0,0.0
2026-06-15,33.1,24.8,96,1008.2,16.9,6.3,8.191666666666666,11.416666666666666,44.79166666666666,166,0.8223722828857745,0.8576991654796051,-0.8999999999999773,2.0,0,1.0,1.0,1.0,0,3.0,3.0,0,0,2.0,0.5130310823113793,7.6916666666666655,-0.8999999999999773,2.0,-1.0,0.0
2026-06-16,31.6,23.2,100,1007.5,15.3,7.6,7.033333333333334,9.8875,44.41666666666666,167,0.7839777904301987,0.1463745375242122,-0.7000000000000455,1.0,0,1.0,0.0,0.0,0,1.0,2.5,0,0,1.6666666666666667,0.56182259481945,7.444444444444444,-0.7000000000000455,2.0,-1.5,0.0
2026-06-17,33.5,22.9,100,1008.0,18.4,1.3,8.829166666666667,12.220833333333331,49.875,168,0.7469088762520901,1.9478290683238528,0.5,3.0,1,1.0,1.0,0.0,0,2.0,2.5,0,0,2.0,0.9839675904425573,8.018055555555556,0.5,1.0,0.5,1.0
2026-06-18,35.3,24.9,98,1009.2,19.0,1.5,6.495833333333334,8.454166666666667,50.375,169,0.7111480894269768,2.0778991892840666,1.2000000000000455,2.0,0,1.0,1.0,1.0,0,3.0,2.5,0,0,2.0,1.390700931710711,7.452777777777778,1.2000000000000455,3.0,-0.5,1.0
2026-06-19,32.1,24.5,99,1009.8,23.1,11.4,8.404166666666667,11.7375,46.333333333333336,170,0.6766764161830635,0.0,0.599999999999909,2.0,0,0.0,1.0,1.0,0,2.0,2.5,0,0,2.3333333333333335,1.3419094192026402,7.909722222222222,0.599999999999909,2.0,-0.5,1.0
2026-06-20,33.1,22.2,98,1009.3,13.5,4.3,8.370833333333334,11.470833333333331,41.41666666666666,171,0.6434734010783114,0.4677274983006271,-0.5,2.0,0,1.0,1.0,0.0,0,2.0,2.0,0,0,2.0,0.8485422291948984,7.7569444444444455,-0.5,2.0,0.0,1.0
2026-06-21,32.9,21.1,99,1009.4,10.6,5.6,6.095833333333334,7.808333333333334,37.04166666666666,172,0.611517266734503,0.331358105542913,0.10000000000002274,1.0,0,1.0,0.0,0.0,0,1.0,2.0,0,0,1.6666666666666667,0.2663618679478473,7.623611111111113,0.10000000000002274,2.0,-1.0,1.0
2026-06-22,33.7,21.8,100,1011.8,14.6,1.1,5.8125,7.533333333333334,37.625,173,0.5807850317604845,1.8535912261465035,2.3999999999999773,2.0,0,0.0,1.0,0.0,0,1.0,2.0,0,0,1.6666666666666667,0.8842256099966818,6.759722222222223,2.3999999999999773,1.0,0.0,1.0
2026-06-23,35.1,24.2,99,1012.0,18.3,2.7,6.608333333333333,9.316666666666666,47.79166666666666,174,0.5512526265224261,1.2940887884181644,0.20000000000004547,2.0,0,1.0,0.0,1.0,0,2.0,2.0,0,1,1.6666666666666667,1.1596793733691941,6.172222222222223,0.20000000000004547,2.0,0.0,1.0
2026-06-24,34.7,24.5,100,1010.2,12.8,0.4,10.729166666666666,12.129166666666668,77.91666666666667,175,0.5228950064450073,2.0427349566183075,-1.7999999999999545,3.0,0,2.0,2.0,2.0,0,6.0,2.0,1,0,2.3333333333333335,1.730138323727659,7.716666666666666,-1.7999999999999545,2.0,1.0,1.0
2026-06-25,34.4,21.5,96,1010.3,16.0,1.5,11.8375,13.304166666666667,77.79166666666667,176,0.4956862625537369,1.7686060709043807,0.09999999999990905,3.0,0,1.0,1.0,0.0,0,2.0,2.0,0,0,2.6666666666666665,1.7018099386469512,9.725,0.09999999999990905,3.0,1.0,2.0
2026-06-26,33.8,22.7,96,1013.2,11.2,1.6,8.15,10.279166666666669,51.04166666666666,177,0.4695997289950221,1.434744576530606,2.900000000000091,2.0,0,1.0,1.0,1.0,0,3.0,2.0,0,0,2.6666666666666665,1.7486952013510988,10.238888888888889,2.900000000000091,3.0,0.0,2.0
2026-06-27,34.8,22.7,100,1013.2,8.8,6.0,9.354166666666666,12.295833333333334,50.04166666666666,178,0.4446080872969317,0.0,0.0,2.0,0,1.0,0.0,0.0,0,1.0,2.0,0,0,2.3333333333333335,1.0677835491449963,9.780555555555557,0.0,2.0,0.0,2.0
2026-06-28,34.8,22.7,99,1011.1,9.0,3.9,9.558333333333334,11.8125,55.66666666666666,179,0.4206834671597397,0.0,-2.1000000000000227,3.0,0,1.0,1.0,1.0,0,3.0,2.0,0,0,2.3333333333333335,0.47824819217686926,9.020833333333334,-2.1000000000000227,2.0,1.0,3.0
2026-06-29,36.1,23.7,99,1010.7,9.7,2.8,7.091666666666666,8.1875,53.16666666666666,180,0.3977975435911384,0.3037251275123506,-0.39999999999997726,1.0,0,1.0,1.0,0.0,0,2.0,2.0,0,0,2.0,0.10124170917078412,8.668055555555556,-0.39999999999997726,3.0,-1.0,3.0
2026-06-30,33.3,23.6,99,1010.2,13.6,8.1,10.4375,12.220833333333331,64.04166666666667,181,0.3759216302263556,0.0,-0.5,2.0,0,0.0,1.0,0.0,0,1.0,2.0,0,0,2.0,0.10124170917078412,9.029166666666667,-0.5,1.0,0.0,3.0
2026-07-01,32.4,23.0,100,1009.9,19.8,3.6,8.166666666666666,11.075,68.25,182,0.3550267686981849,1.499174874871571,-0.3000000000000682,2.0,0,0.0,1.0,1.0,0,2.0,2.0,0,0,1.6666666666666667,0.6009666674613078,8.565277777777778,-0.3000000000000682,2.0,0.0,2.0
2026-07-02,33.2,21.0,99,1010.6,15.0,0.0,9.854166666666666,13.5875,71.45833333333333,183,0.3350838139460365,1.826723176360377,0.7000000000000455,2.0,0,0.0,1.0,0.0,0,1.0,2.0,0,0,2.0,1.1086326837439833,9.48611111111111,0.7000000000000455,2.0,0.0,1.0
2026-07-03,34.6,23.1,100,1010.8,16.4,1.0,5.525,7.441666666666666,57.25,184,0.3160635153764443,1.702994468699957,0.1999999999999318,3.0,0,1.0,1.0,1.0,0,3.0,2.0,0,0,2.3333333333333335,1.6762975066439687,7.848611111111111,0.1999999999999318,2.0,1.0,2.0
2026-07-04,34.1,23.7,97,1009.7,13.5,0.7,7.295833333333333,8.329166666666667,75.0,185,0.2979365938099304,1.9490025521253005,-1.099999999999909,3.0,0,1.0,2.0,0.0,0,3.0,2.0,0,0,2.6666666666666665,1.8262400657285454,7.558333333333334,-1.099999999999909,3.0,1.0,3.0
2026-07-05,33.4,23.8,97,1009.0,9.9,7.4,6.3375,7.791666666666667,54.375,186,0.2806738141706686,0.0,-0.7000000000000455,1.0,0,0.0,0.0,0.0,0,0.0,2.0,0,0,2.3333333333333335,1.2173323402750862,6.386111111111112,-0.7000000000000455,3.0,-1.0,2.0
2026-07-06,33.8,24.1,98,1009.9,12.2,5.2,5.154166666666667,6.8375,46.41666666666666,187,0.2642460538959258,0.143085006363941,0.8999999999999773,2.0,0,0.0,0.0,0.0,0,0.0,2.0,0,0,2.0,0.6973625194964144,6.2625,0.8999999999999773,1.0,0.0,2.0
2026-07-07,33.6,23.3,96,1011.5,14.2,1.1,4.3500000000000005,5.816666666666666,47.54166666666666,188,0.248624367061748,1.2577473060881903,1.6000000000000227,2.0,1,0.0,1.0,0.0,0,1.0,2.0,0,0,1.6666666666666667,0.46694410415071097,5.280555555555556,1.6000000000000227,2.0,0.0,2.0
2026-07-08,34.7,23.7,93,1012.4,11.4,0.5,4.066666666666666,5.525,46.458333333333336,189,0.2337800442397395,1.1367075629488517,0.8999999999999773,3.0,0,1.0,1.0,0.0,0,2.0,2.0,0,0,2.3333333333333335,0.8458466251336615,4.523611111111111,0.8999999999999773,2.0,1.0,3.0
2026-07-09,36.0,23.5,96,1012.2,11.9,0.0,8.5875,17.154166666666665,46.458333333333336,190,0.2196846681170371,1.8491954089119127,-0.1999999999999318,3.0,1,1.0,1.0,1.0,0,3.0,2.0,0,0,2.6666666666666665,1.414550092649652,5.668055555555557,-0.1999999999999318,3.0,1.0,4.0
2026-07-10,35.8,23.1,97,1012.5,10.5,2.8,13.325,26.77083333333333,53.16666666666666,191,0.2063101649276598,0.746476704522872,0.2999999999999545,3.0,0,0.0,1.0,1.0,0,2.0,2.0,0,0,3.0,1.244126558794546,8.659722222222221,0.2999999999999545,3.0,1.0,4.0
2026-07-11,35.9,21.6,98,1012.9,14.6,2.2,11.0,18.604166666666668,60.66666666666666,192,0.1936288517583217,1.3190327061585772,0.39999999999997726,2.0,0,0.0,1.0,0.0,0,1.0,2.0,0,0,2.6666666666666665,1.3049016065311212,10.970833333333333,0.39999999999997726,3.0,0.0,3.0
2026-07-12,34.4,23.6,96,1013.3,11.0,3.9,7.279166666666666,12.55,46.16666666666666,193,0.1816134798054912,0.6338050026672231,0.39999999999997726,3.0,1,1.0,0.0,1.0,0,2.0,2.0,0,0,2.6666666666666665,0.8997714711162246,10.534722222222223,0.39999999999997726,2.0,1.0,4.0
2026-07-13,31.0,23.4,99,1013.1,13.9,8.6,12.179166666666667,27.15,44.25,194,0.1702372736729967,0.0,-0.1999999999999318,2.0,0,1.0,0.0,0.0,0,1.0,2.0,0,0,2.3333333333333335,0.6509459029419339,10.152777777777779,-0.1999999999999318,3.0,0.0,4.0
2026-07-14,31.8,23.6,96,1012.4,17.0,1.3,14.375,28.454166666666666,47.04166666666666,195,0.1594739668107855,1.7422551553287713,-0.7000000000000455,3.0,0,0.0,1.0,0.0,0,1.0,2.0,0,1,2.6666666666666665,0.7920200526653319,11.277777777777779,-0.7000000000000455,2.0,1.0,5.0
2026-07-15,33.2,22.0,95,1012.0,15.9,0.5,16.325,28.925,47.958333333333336,196,0.1492978332055776,1.4651911305681955,-0.39999999999997726,3.0,0,1.0,2.0,2.0,0,5.0,2.5,1,0,2.6666666666666665,1.0691487619656561,14.293055555555554,-0.39999999999997726,3.0,0.5,5.0
2026-07-16,33.2,23.4,99,1011.1,12.3,4.8,8.975,10.941666666666668,71.375,197,0.1396837154431223,0.0593502564384994,-0.8999999999999773,2.0,0,1.0,0.0,1.0,0,2.0,3.0,0,0,2.6666666666666665,1.0889321807784893,13.225,-0.8999999999999773,3.0,-1.0,4.0
2026-07-17,33.1,22.2,99,1010.8,14.9,1.0,13.029166666666669,13.254166666666668,78.25,198,0.1306070492695911,1.2685498275225175,-0.3000000000000682,2.0,0,1.0,0.0,1.0,0,2.0,3.0,0,0,2.3333333333333335,0.9310304048430713,12.776388888888889,-0.3000000000000682,2.0,-1.0,3.0
2026-07-18,33.1,21.8,100,1010.1,12.6,0.7,13.6375,17.037499999999998,68.75,199,0.1220438847863595,1.210842270783447,-0.6999999999999318,2.0,0,1.0,1.0,1.0,0,3.0,2.5,0,1,2.0,0.8462474515814885,11.880555555555555,-0.6999999999999318,2.0,-0.5,3.0
2026-07-19,33.8,23.4,99,1008.0,16.6,2.5,11.2375,16.325,52.91666666666666,200,0.1139709044180617,1.262033714592827,-2.1000000000000227,2.0,0,1.0,1.0,0.0,1,2.0,2.0,1,0,2.0,1.2471419376329311,12.634722222222223,-2.1000000000000227,2.0,0.0,2.0
2026-07-20,32.5,24.6,97,1006.8,19.4,7.0,10.6,14.058333333333335,66.08333333333333,201,0.1063654377984079,0.0,-1.2000000000000455,2.0,0,1.0,1.0,0.0,0,2.0,2.0,0,1,2.0,0.8242919951254253,11.824999999999998,-1.2000000000000455,2.0,0.0,2.0
2026-07-21,33.9,25.0,95,1007.5,21.5,1.8,12.025,17.55,66.375,202,0.0992054737218514,2.5461603839960354,0.7000000000000455,2.0,0,1.0,2.0,0.0,1,3.0,2.0,1,1,2.0,1.2693980328629548,11.287500000000001,0.7000000000000455,2.0,0.0,1.0
2026-07-22,35.0,23.8,97,1008.8,13.9,0.0,15.245833333333332,22.604166666666668,57.5,203,0.0924696693118453,1.0800627167119647,1.2999999999999545,3.0,0,1.0,2.0,1.0,0,4.0,2.0,1,0,2.3333333333333335,1.208741033569334,12.62361111111111,1.2999999999999545,2.0,1.0,1.0
2026-07-23,36.0,23.9,97,1010.8,9.8,0.5,12.783333333333331,17.183333333333334,61.16666666666666,204,0.0861373565581755,0.4304619114430827,2.0,3.0,0,0.0,1.0,0.0,0,1.0,2.0,0,0,2.6666666666666665,1.3522283373836952,13.351388888888886,2.0,3.0,1.0,2.0
2026-07-24,36.4,24.1,96,1011.6,10.2,0.2,7.341666666666666,9.7375,53.208333333333336,205,0.0801885463767527,1.50343289577678,0.8000000000000682,2.0,0,1.0,0.0,1.0,0,2.0,2.0,0,0,2.6666666666666665,1.0046525079772766,11.790277777777776,0.8000000000000682,3.0,0.0,2.0
2026-07-25,36.6,24.3,94,1011.0,9.7,0.2,10.041666666666666,12.120833333333332,65.33333333333333,206,0.0746039303453392,1.3012690079305136,-0.6000000000000227,3.0,1,1.0,1.0,0.0,0,2.0,2.0,0,0,2.6666666666666665,1.0783879383834594,10.055555555555555,-0.6000000000000227,2.0,1.0,3.0
2026-07-26,34.7,24.2,97,1008.0,10.7,2.0,12.445833333333333,15.0875,68.16666666666667,207,0.0693648802680357,0.7890128070888978,-3.0,3.0,1,1.0,1.0,1.0,0,3.0,2.0,0,0,2.6666666666666665,1.1979049035987313,9.943055555555555,-3.0,3.0,1.0,4.0
2026-07-27,34.5,23.6,100,1004.9,12.9,4.1,13.079166666666666,14.854166666666666,80.25,208,0.0644534457200073,0.3757916494257197,-3.1000000000000227,3.0,0,1.0,1.0,1.0,0,3.0,2.0,0,0,3.0,0.8220244881483779,11.855555555555554,-3.1000000000000227,3.0,1.0,5.0
2026-07-28,34.9,23.2,99,1003.8,12.9,1.6,16.883333333333333,18.870833333333334,82.29166666666667,209,0.0598523497219475,0.8649536405831817,-1.1000000000000227,3.0,0,1.0,1.0,1.0,0,3.0,2.5,0,0,3.0,0.6765860323659337,14.136111111111111,-1.1000000000000227,3.0,0.5,6.0
2026-07-29,34.5,25.0,99,1004.0,15.6,1.6,9.8875,11.754166666666668,85.16666666666667,210,0.0555449826912115,0.776643234096879,0.20000000000004547,3.0,1,1.0,1.0,0.0,0,2.0,2.5,0,0,3.0,0.6724628413685941,13.283333333333331,0.20000000000004547,3.0,0.5,6.0
2026-07-30,33.9,24.0,100,1006.7,25.5,30.0,11.0375,13.041666666666666,91.08333333333331,211,0.0515153948134623,0.0,2.7000000000000455,1.0,0,1.0,0.0,0.0,0,1.0,2.5,0,0,2.3333333333333335,0.5471989582266876,12.602777777777776,2.7000000000000455,3.0,-1.5,5.0
2026-07-31,32.7,22.7,100,1008.5,16.1,2.8,9.129166666666666,11.566666666666668,66.375,212,0.0477482869751015,0.5468836023702572,1.7999999999999545,2.0,1,1.0,1.0,1.0,0,3.0,2.5,0,0,2.0,0.4411756121557128,10.018055555555556,1.7999999999999545,1.0,-0.5,5.0
2026-08-01,31.4,22.8,99,1006.8,16.3,14.1,6.095833333333334,7.8625,54.833333333333336,213,0.0442290003927732,0.0,-1.7000000000000455,3.0,0,1.0,1.0,0.0,0,2.0,2.5,0,0,2.0,0.1822945341234198,8.754166666666666,-1.7000000000000455,2.0,0.5,5.0
2026-08-02,29.6,22.9,99,1005.7,18.1,16.7,2.983333333333333,3.904166666666667,49.833333333333336,214,0.0409435050718704,0.0,-1.099999999999909,1.0,0,0.0,0.0,0.0,0,0.0,3.0,0,0,2.0,0.1822945341234198,6.069444444444444,-1.099999999999909,3.0,-2.0,4.0
2026-08-03,28.7,22.9,99,1006.1,19.3,15.2,3.608333333333333,4.6625000000000005,49.54166666666666,215,0.0378783872212996,0.0,0.39999999999997726,1.0,0,0.0,0.0,1.0,0,1.0,3.0,0,0,1.6666666666666667,0.0,4.229166666666667,0.39999999999997726,1.0,-2.0,3.0
2026-08-04,33.1,23.1,100,1008.5,12.3,1.5,5.345833333333334,6.95,60.375,216,0.0350208357468121,0.686466499085615,2.3999999999999773,1.0,0,0.0,1.0,0.0,0,1.0,3.0,0,0,1.0,0.2288221663618724,3.9791666666666665,2.3999999999999773,1.0,-2.0,2.0
2026-08-05,32.2,22.4,97,1012.2,9.0,3.6,9.870833333333334,15.516666666666666,51.66666666666666,217,0.03235862794004,0.0175312096502897,3.7000000000000455,1.0,0,0.0,0.0,1.0,0,1.0,3.0,0,0,1.0,0.23466590291196895,6.275000000000001,3.7000000000000455,1.0,-2.0,1.0
2026-08-06,32.9,22.5,100,1014.2,11.4,12.6,10.629166666666666,12.3625,47.29166666666666,218,0.0298801144750297,0.0,2.0,1.0,0,0.0,1.0,1.0,0,2.0,2.5,0,0,1.0,0.23466590291196895,8.615277777777777,2.0,1.0,-1.5,1.0
2026-08-07,31.7,22.0,100,1013.4,13.6,2.6,6.704166666666667,9.129166666666666,41.208333333333336,219,0.0275742038185736,0.2786860455920011,-0.8000000000000682,2.0,1,0.0,0.0,1.0,0,1.0,2.0,0,0,1.3333333333333333,0.09873908508076434,9.068055555555556,-0.8000000000000682,1.0,0.0,1.0
2026-08-08,29.5,23.7,100,1011.9,10.6,7.4,5.345833333333334,6.716666666666666,52.333333333333336,220,0.0254303461550635,0.0,-1.5,3.0,0,0.0,1.0,0.0,0,1.0,2.0,0,0,2.0,0.09289534853066778,7.559722222222223,-1.5,2.0,1.0,1.0
2026-08-09,34.7,23.3,100,1012.4,11.1,2.5,8.916666666666666,11.0375,52.25,221,0.0234385169209421,0.4814251453644314,0.5,2.0,0,1.0,1.0,0.0,0,2.0,2.0,0,0,2.3333333333333335,0.2533703969854782,6.98888888888889,0.5,3.0,0.0,1.0
2026-08-10,33.5,23.7,99,1013.9,9.3,1.5,10.220833333333331,12.8,50.208333333333336,222,0.0215892000381653,0.2988119298897137,1.5,2.0,0,0.0,1.0,1.0,0,2.0,2.0,0,0,2.3333333333333335,0.26007902508471575,8.161111111111111,1.5,2.0,0.0,1.0
2026-08-11,33.9,23.5,97,1012.7,11.0,0.6,9.308333333333334,11.154166666666669,45.41666666666666,223,0.0198733709304249,0.751458048683096,-1.1999999999999318,2.0,0,0.0,1.0,0.0,0,1.0,2.0,0,1,2.0,0.5105650413124144,9.481944444444444,-1.1999999999999318,2.0,0.0,1.0
2026-08-12,33.5,24.1,98,1009.7,15.2,2.0,5.9125000000000005,7.729166666666667,41.04166666666666,224,0.0182824794002644,1.0311024543433192,-3.0,3.0,0,1.0,1.0,1.0,1,3.0,2.0,1,0,2.3333333333333335,0.6937908109720436,8.480555555555556,-3.0,2.0,1.0,2.0
2026-08-13,33.8,22.4,99,1010.3,9.7,4.4,8.4125,10.683333333333332,47.66666666666666,225,0.0168084324396612,0.0,0.599999999999909,2.0,0,0.0,1.0,0.0,0,1.0,2.0,0,0,2.3333333333333335,0.594186834342139,7.877777777777777,0.599999999999909,3.0,0.0,2.0
2026-08-14,36.1,23.5,99,1012.8,13.2,2.6,9.691666666666666,11.833333333333334,45.5,226,0.0154435770411838,0.0,2.5,2.0,0,1.0,0.0,0.0,0,1.0,2.0,0,0,2.3333333333333335,0.3437008181144405,8.005555555555555,2.5,2.0,0.0,2.0
2026-08-15,34.1,23.1,98,1013.8,8.5,1.5,7.116666666666667,8.549999999999999,50.083333333333336,227,0.0141806830714795,0.1268029945705052,1.0,2.0,0,1.0,1.0,0.0,0,2.0,2.0,0,0,2.0,0.04226766485683581,8.406944444444443,1.0,2.0,0.0,1.0
2026-08-16,34.8,24.6,99,1012.4,10.9,7.3,6.183333333333334,7.7875,51.958333333333336,228,0.013012926263627,0.0,-1.3999999999999773,1.0,0,1.0,0.0,1.0,0,2.0,2.0,0,1,1.6666666666666667,0.04226766485683581,7.663888888888889,-1.3999999999999773,2.0,-1.0,1.0
2026-08-17,36.0,24.8,98,1010.5,14.8,0.8,7.658333333333334,9.7625,71.66666666666667,229,0.0119338713798164,1.3762968976190184,-1.8999999999999773,3.0,0,1.0,1.0,1.0,1,3.0,2.0,1,0,2.0,0.5010332973965086,6.986111111111112,-1.8999999999999773,1.0,1.0,2.0
2026-08-18,36.6,23.5,97,1009.3,14.6,2.2,8.012500000000001,9.991666666666667,72.25,230,0.0109374555909144,1.4010799423707352,-1.2000000000000455,3.0,0,0.0,1.0,1.0,0,2.0,2.0,0,0,2.3333333333333335,0.9257922799965853,7.284722222222224,-1.2000000000000455,3.0,1.0,3.0
2026-08-19,32.6,22.5,99,1008.4,17.7,18.5,9.245833333333334,10.104166666666666,89.125,231,0.0100179721147435,0.0,-0.8999999999999773,2.0,0,0.0,1.0,0.0,0,1.0,2.0,0,0,2.6666666666666665,0.9257922799965853,8.305555555555557,-0.8999999999999773,3.0,0.0,2.0
2026-08-20,35.0,22.8,99,1009.4,13.3,4.5,8.933333333333334,9.183333333333334,81.83333333333333,232,0.0091700541503657,0.0,1.0,2.0,0,1.0,0.0,0.0,0,1.0,2.0,0,0,2.3333333333333335,0.46702664745691247,8.730555555555556,1.0,2.0,0.0,2.0
2026-08-21,32.8,22.7,99,1010.0,10.4,2.3,7.354166666666667,8.700000000000001,63.583333333333336,233,0.0083886591413194,0.3507821759802439,0.6000000000000227,2.0,0,1.0,0.0,0.0,0,1.0,2.0,0,0,2.0,0.11692739199341538,8.511111111111113,0.6000000000000227,2.0,0.0,2.0
2026-08-22,32.9,22.6,99,1009.1,17.5,10.2,6.079166666666667,9.6375,43.875,234,0.0076690533966223,0.0,-0.8999999999999773,2.0,0,0.0,0.0,1.0,0,1.0,2.0,0,0,2.0,0.11692739199341538,7.455555555555557,-0.8999999999999773,2.0,0.0,2.0
2026-08-23,32.0,22.6,100,1008.5,14.1,4.1,4.45,5.2,75.70833333333333,235,0.0070067970944269,0.1796015426974714,-0.6000000000000227,2.0,0,1.0,0.0,1.0,0,2.0,2.0,0,0,2.0,0.1767945728925725,5.961111111111112,-0.6000000000000227,2.0,0.0,2.0
2026-08-24,34.2,23.3,100,1009.2,14.6,6.0,7.820833333333333,9.1125,80.54166666666667,236,0.0063977296894996,0.0,0.7000000000000455,2.0,0,0.0,0.0,1.0,0,1.0,2.0,0,0,2.0,0.05986718089915787,6.116666666666667,0.7000000000000455,2.0,0.0,1.0
2026-08-25,33.0,23.3,99,1009.9,12.8,18.2,8.058333333333334,9.729166666666666,69.33333333333333,237,0.0058379557421981,0.0,0.6999999999999318,2.0,0,0.0,0.0,0.0,0,0.0,2.0,0,0,2.0,0.05986718089915787,6.7763888888888895,0.6999999999999318,2.0,0.0,0.0
2026-08-26,32.6,22.6,100,1009.9,14.3,13.7,6.791666666666667,8.129166666666666,62.66666666666666,238,0.0053238311833396,0.0,0.0,1.0,0,0.0,0.0,0.0,0,0.0,2.0,0,0,1.6666666666666667,0.0,7.556944444444446,0.0,2.0,-1.0,0.0
2026-08-27,31.7,21.6,100,1009.1,13.6,10.1,7.208333333333333,9.070833333333333,52.91666666666666,239,0.00485195002628,0.0,-0.7999999999999545,2.0,0,0.0,0.0,1.0,0,1.0,2.0,0,0,1.6666666666666667,0.0,7.352777777777779,-0.7999999999999545,1.0,0.0,0.0
2026-08-28,29.9,22.9,100,1010.1,10.7,8.8,5.770833333333333,7.2375,42.75,240,0.0044191315346752,0.0,1.0,2.0,0,0.0,1.0,0.0,0,1.0,2.0,0,0,1.6666666666666667,0.0,6.590277777777779,1.0,2.0,0.0,0.0
2026-08-29,33.8,22.5,100,1011.5,10.9,5.8,8.729166666666666,11.208333333333334,51.79166666666666,241,0.0040224078517423,0.0,1.3999999999999773,1.0,0,0.0,0.0,0.0,0,0.0,2.0,0,0,1.6666666666666667,0.0,7.236111111111112,1.3999999999999773,2.0,-1.0,0.0
2026-08-30,34.5,23.3,100,1011.0,17.2,1.3,4.0,5.1,49.25,242,0.0036590120944023,1.4943437009339788,-0.5,2.0,1,1.0,1.0,0.0,0,2.0,2.0,0,0,1.6666666666666667,0.49811456697799367,6.166666666666668,-0.5,1.0,0.0,0.0
2026-08-31,33.0,23.3,100,1010.6,10.4,3.6,6.116666666666667,8.366666666666667,47.25,243,0.0033263669134437,0.2393839635978887,-0.39999999999997726,2.0,0,1.0,0.0,0.0,0,1.0,2.0,0,0,1.6666666666666667,0.5779092215106233,6.281944444444446,-0.39999999999997726,2.0,0.0,0.0
