date,temperature_2m_max,temperature_2m_min,relative_humidity_2m_max,surface_pressure_mean,windspeed_10m_max,precipitation_sum,pm2_5_mean,pm10_mean,ozone_mean,day_of_year,pollen_base,pollen
2025-09-01,29.0,22.9,89,1007.7,21.5,0.4,5.104166666666667,6.1875,102.54166666666667,244,0.0030220735187977774,2.2317077347232908
2025-09-02,30.4,20.7,84,1007.1,17.2,1.2,4.970833333333333,5.758333333333333,91.875,245,0.002743901167160244,1.3074381806986863
2025-09-03,31.3,20.6,91,1006.1,12.6,0.0,4.966666666666667,6.291666666666667,89.29166666666667,246,0.0024897771075163676,1.5215651923477933
2025-09-04,32.2,21.1,96,1005.7,11.7,0.0,5.716666666666666,7.254166666666666,89.95833333333333,247,0.0022577769786198084,1.78146971954183
2025-09-05,32.9,21.6,93,1007.7,15.1,0.7,5.233333333333333,6.908333333333334,76.75,248,0.0020461156511408945,1.2083847657618065
2025-09-06,33.4,22.7,99,1008.3,11.2,14.6,4.008333333333334,5.104166666666667,57.916666666666664,249,0.0018531385060176061,0.0
2025-09-07,33.2,23.4,99,1007.7,14.6,7.9,6.325,6.7625,66.95833333333333,250,0.0016773131395125592,0.0
2025-09-08,30.6,22.5,99,1008.1,18.2,8.2,4.958333333333333,5.629166666666666,73.625,251,0.001517221484589602,0.0
2025-09-09,27.8,22.4,96,1008.2,21.6,1.1,6.141666666666667,7.066666666666666,90.16666666666667,252,0.001371552337467006,1.6435817979634864
2025-09-10,31.2,22.1,80,1009.6,14.7,0.0,7.070833333333333,7.579166666666667,96.375,253,0.0012390942775717653,1.6882631117119575
2025-09-11,29.5,19.9,94,1010.5,13.5,0.0,11.579166666666666,11.9375,99.16666666666667,254,0.0011187289686031027,1.1657516518436184
2025-09-12,29.1,20.0,95,1009.9,17.0,0.3,9.833333333333334,10.295833333333333,74.58333333333333,255,0.001009424828004579,1.4247175233999019
2025-09-13,29.7,19.6,90,1008.0,18.1,1.6,6.1625000000000005,6.9125000000000005,98.5,256,0.0009102310518350318,1.427695139678249
2025-09-14,30.4,19.5,89,1007.0,15.1,0.0,5.658333333333334,6.583333333333333,95.70833333333333,257,0.0008202719818110528,0.745508174118692
2025-09-15,30.1,18.3,86,1009.8,11.1,0.0,6.141666666666667,7.095833333333334,100.125,258,0.0007387418011601682,0.4207716087959471
2025-09-16,31.2,18.9,97,1011.4,11.8,0.7,6.8125,8.1875,101.33333333333333,259,0.0006648995458667826,0.7457498878494779
2025-09-17,30.5,19.8,92,1010.4,11.9,0.0,8.112499999999999,9.85,95.25,260,0.0005980644179051218,0.7854656162841358
2025-09-18,31.3,19.9,99,1009.2,13.9,0.1,8.904166666666667,10.308333333333334,85.0,261,0.0005376113871280357,1.4862365444252377
2025-09-19,32.1,19.1,98,1008.9,12.0,5.3,11.416666666666666,12.895833333333334,91.41666666666667,262,0.00048296706861092006,0.0
2025-09-20,32.1,20.6,99,1009.8,17.3,0.1,8.679166666666667,9.979166666666666,94.16666666666667,263,0.0004336058624299764,1.1355121253283134
2025-09-21,31.1,20.6,96,1009.9,15.7,0.3,6.4125000000000005,8.325000000000001,83.20833333333333,264,0.0003890463430776882,2.0666485539116994
2025-09-22,31.7,21.4,99,1008.7,13.3,0.9,4.891666666666667,6.2875000000000005,76.58333333333333,265,0.00034884788597998545,0.9700383276913657
2025-09-23,33.0,21.8,99,1009.3,7.4,0.2,5.9750000000000005,7.55,70.83333333333333,266,0.0003126075188741013,0.7073238893940438
2025-09-24,33.7,22.6,95,1010.2,8.8,0.7,7.4375,8.674999999999999,71.125,267,0.00027995698612840955,0.10038068250074583
2025-09-25,32.3,22.6,100,1008.2,13.8,0.6,4.716666666666667,5.825,51.041666666666664,268,0.00025056001443123836,0.9824974702043583
2025-09-26,31.7,22.3,98,1005.1,18.7,4.6,3.5083333333333333,4.533333333333333,43.25,269,0.00022410976864035742,0.5345931456525871
2025-09-27,27.4,22.2,100,1004.7,7.4,6.6,4.1875,4.816666666666666,45.166666666666664,270,0.00020032648696475535,0.0
2025-09-28,30.3,21.2,100,1006.1,17.0,2.2,7.5625,8.0875,69.5,271,0.00017895528504173708,1.1904581626233106
2025-09-29,29.7,22.2,98,1005.6,18.2,1.9,3.6333333333333333,4.145833333333333,59.416666666666664,272,0.0001597641188721152,1.0099042881513502
2025-09-30,28.9,21.2,92,1004.0,20.4,0.8,4.720833333333333,5.4125000000000005,62.708333333333336,273,0.00014254189698121846,1.6834650419796704
2025-10-01,29.6,20.0,98,1006.9,15.7,0.9,10.041666666666666,10.870833333333332,84.20833333333333,274,0.00012709673258099624,1.0594444518408224
2025-10-02,28.8,21.9,90,1011.8,21.7,0.9,6.095833333333334,8.083333333333334,86.33333333333333,275,0.00011325432691614655,2.641024528130491
2025-10-03,28.8,20.3,98,1012.2,21.4,0.5,5.966666666666666,7.9750000000000005,79.79166666666667,276,0.00010085647538279084,1.9847019665802095
2025-10-04,28.5,20.6,96,1009.8,23.3,1.3,3.8958333333333335,5.604166666666667,77.125,277,8.975968840983001e-05,1.5170053881060497
2025-10-05,29.3,22.0,96,1010.1,19.5,5.4,3.7875,5.358333333333333,73.41666666666667,278,7.983391948902373e-05,0.6590977987607647
2025-10-06,28.6,22.6,97,1010.7,21.3,3.7,3.954166666666667,5.658333333333332,66.70833333333333,279,7.096139312856993e-05,0.53173350140472
2025-10-07,30.3,22.4,98,1010.3,17.3,0.6,4.204166666666667,5.966666666666666,66.16666666666667,280,6.303552588524262e-05,1.6336084735277878
2025-10-08,29.8,21.5,96,1009.8,12.4,0.5,5.679166666666667,7.816666666666666,66.79166666666667,281,5.5959934000876136e-05,0.3061879103820909
2025-10-09,27.9,21.9,97,1010.2,23.0,2.1,5.133333333333334,6.508333333333333,68.0,282,4.9647521529255404e-05,1.138775227962157
2025-10-10,24.9,20.0,88,1007.5,23.0,1.3,2.970833333333333,3.466666666666667,78.91666666666667,283,4.4019643188534686e-05,1.9887885139908381
2025-10-11,26.1,18.4,87,1002.8,23.3,0.0,2.629166666666667,2.783333333333333,78.91666666666667,284,3.90053365115542e-05,2.6254256373346756
2025-10-12,26.6,15.6,92,1002.5,14.2,0.0,4.325,4.7749999999999995,78.16666666666667,285,3.454061819139382e-05,1.4885818530941795
2025-10-13,28.2,14.9,94,1006.0,9.4,0.0,5.841666666666666,6.4125000000000005,79.58333333333333,286,3.056783983185701e-05,0.8937712548845358
2025-10-14,29.0,15.8,100,1008.6,9.6,0.0,8.195833333333333,8.495833333333334,81.29166666666667,287,2.703509861208359e-05,0.8395855568628966
2025-10-15,26.7,16.8,97,1008.4,17.7,0.0,6.841666666666668,7.291666666666667,77.20833333333333,288,2.389569866102319e-05,1.1786150995516902
2025-10-16,27.8,15.5,94,1007.1,12.4,0.0,4.145833333333333,4.866666666666666,89.79166666666667,289,2.1107659211029405e-05,0.9520834243013276
2025-10-17,28.2,17.3,95,1008.9,14.2,0.0,5.454166666666667,7.158333333333334,93.75,290,1.8633265860393355e-05,1.2357631248819454
2025-10-18,27.3,14.6,92,1010.5,12.4,0.0,4.9624999999999995,6.625,87.95833333333333,291,1.6438661522354054e-05,1.662865329149089
2025-10-19,28.8,17.1,99,1009.7,13.9,8.2,4.8374999999999995,6.316666666666666,78.25,292,1.4493473873164688e-05,0.0
2025-10-20,26.5,17.9,99,1011.9,14.9,0.1,4.8374999999999995,5.6875,81.04166666666667,293,1.2770476334403317e-05,0.754796708331241
2025-10-21,28.5,14.7,99,1010.7,8.6,0.0,6.895833333333333,8.858333333333333,77.20833333333333,294,1.1245279835161713e-05,0.9896448330377532
2025-10-22,28.1,13.3,100,1010.3,10.8,0.0,9.204166666666667,10.033333333333333,83.79166666666667,295,9.896052798350674e-06,0.9259769838862718
2025-10-23,25.3,12.1,75,1012.8,11.7,0.0,3.6999999999999997,3.8208333333333333,87.91666666666667,296,8.703266982466486e-06,0.8992399031445988
2025-10-24,26.0,11.8,88,1014.0,15.5,0.0,3.6958333333333333,4.758333333333334,96.375,297,7.649466986153198e-06,1.7946781650033332
2025-10-25,27.4,15.2,89,1014.2,18.9,0.0,4.004166666666666,5.370833333333334,99.5,298,6.719061388157607e-06,2.3024065280597683
2025-10-26,27.9,18.1,94,1011.0,19.8,1.1,4.408333333333333,5.8500000000000005,82.08333333333333,299,5.8981336502254524e-06,2.02251794578013
2025-10-27,26.9,20.8,99,1004.9,14.2,3.0,2.4125,2.7416666666666667,62.416666666666664,300,5.174271055546877e-06,0.1843181649820001
2025-10-28,21.5,16.4,99,1004.6,13.8,0.3,4.8500000000000005,5.029166666666667,63.625,301,4.53641009095783e-06,1.1663195860696054
2025-10-29,23.8,14.6,87,1004.1,19.0,0.0,3.658333333333333,3.891666666666667,72.625,302,3.9746968076745705e-06,2.0325093472582334
2025-10-30,20.5,9.2,85,1004.7,23.2,0.0,6.833333333333333,6.866666666666667,70.20833333333333,303,3.4803608133133584e-06,2.710221531209757
2025-10-31,19.4,7.3,94,1009.8,11.0,0.0,9.941666666666666,10.045833333333333,64.16666666666667,304,3.045601657757762e-06,0.9083333504635418
2025-11-01,21.7,6.1,94,1011.9,10.1,0.0,5.308333333333334,5.420833333333333,75.20833333333333,305,2.663486477507306e-06,0.9357390728209507
2025-11-02,23.9,9.2,98,1012.2,8.9,0.0,4.529166666666667,5.075,91.58333333333333,306,2.3278578578915434e-06,0.44746833825544674
2025-11-03,22.3,11.4,85,1014.2,13.3,0.0,2.6958333333333333,2.7583333333333333,86.04166666666667,307,2.0332509603725747e-06,0.8515193836186921
2025-11-04,23.7,8.7,90,1018.3,11.9,0.0,5.220833333333333,6.020833333333333,89.33333333333333,308,1.7748190434856602e-06,1.5150121037767228
2025-11-05,26.6,12.6,97,1016.7,9.6,0.0,7.041666666666667,9.141666666666667,80.70833333333333,309,1.5482665811686824e-06,1.5024975596949104
2025-11-06,26.4,11.7,97,1012.9,9.2,0.0,9.716666666666667,10.579166666666667,76.79166666666667,310,1.349789251681507e-06,0.8911973011571181
2025-11-07,27.3,13.7,98,1008.3,9.0,0.0,8.475,10.133333333333333,87.08333333333333,311,1.176020134376559e-06,1.301414335176944
2025-11-08,28.6,14.9,97,1005.9,12.2,0.6,5.154166666666667,6.258333333333333,72.66666666666667,312,1.0239815105987296e-06,1.1846554340005642
2025-11-09,26.8,20.1,100,1007.1,15.8,8.0,3.75,4.9,62.583333333333336,313,8.91041719298225e-07,0.0
2025-11-10,20.4,6.7,95,1012.0,19.4,0.0,2.9625000000000004,3.0208333333333335,69.625,314,7.748765678514483e-07,2.0845590170799335
2025-11-11,12.3,0.7,70,1021.4,20.4,0.0,3.2583333333333333,3.3166666666666664,65.25,315,6.734348444043553e-07,2.655215300021232
2025-11-12,19.6,0.3,89,1019.0,12.1,0.0,4.595833333333333,4.754166666666666,59.333333333333336,316,5.849075200675953e-07,1.1956701692635394
2025-11-13,23.4,6.6,90,1015.9,9.2,0.0,2.654166666666667,2.795833333333333,68.125,317,5.077002677748417e-07,1.5458579700258703
2025-11-14,23.9,8.2,93,1014.4,10.6,0.0,6.095833333333334,6.283333333333334,73.58333333333333,318,4.4040895982302787e-07,0.012102398773061962
2025-11-15,25.2,8.0,97,1011.1,12.9,0.0,7.8875,9.9375,84.70833333333333,319,3.817978382884485e-07,1.6187613835479278
2025-11-16,25.3,11.6,95,1005.8,16.0,0.0,6.495833333333334,8.012500000000001,86.66666666666667,320,3.3078008188488503e-07,1.6348191580753506
2025-11-17,26.0,14.3,98,1008.1,10.8,0.0,6.091666666666666,6.541666666666667,71.79166666666667,321,2.864005196142789e-07,0.9603973462141726
2025-11-18,26.2,10.8,96,1013.2,8.5,0.0,9.041666666666666,10.529166666666667,71.83333333333333,322,2.478202659586249e-07,0.8867045584344669
2025-11-19,27.3,11.7,84,1014.5,6.8,0.0,12.0625,13.075000000000001,71.20833333333333,323,2.143030745629353e-07,0.0
2025-11-20,28.0,12.5,93,1013.3,7.1,0.0,10.6375,10.954166666666666,67.95833333333333,324,1.8520322753971737e-07,0.6221314300682227
2025-11-21,27.0,12.4,100,1012.5,9.2,0.0,12.054166666666667,12.245833333333332,72.25,325,1.5995479585034485e-07,1.0628451885594943
2025-11-22,27.5,13.1,98,1011.8,12.1,0.0,7.995833333333334,8.658333333333333,77.33333333333333,326,1.3806212284140174e-07,1.8011577559587293
2025-11-23,26.7,18.4,100,1011.2,9.6,0.5,9.391666666666667,10.458333333333334,66.125,327,1.1909139807724251e-07,0.6026920317819391
2025-11-24,26.6,15.3,100,1012.9,12.6,0.0,13.454166666666666,14.395833333333334,64.04166666666667,328,1.0266320224615827e-07,0.9366026615059271
2025-11-25,28.0,14.6,98,1012.5,10.6,0.0,7.875,9.320833333333333,72.41666666666667,329,8.844591624940025e-08,0.8592972710121016
2025-11-26,26.0,16.0,96,1011.9,11.4,0.6,9.733333333333333,10.991666666666667,57.5,330,7.614989872356314e-08,1.3261609232307285
2025-11-27,19.6,10.6,99,1013.2,15.6,1.4,2.4166666666666665,2.6333333333333333,68.29166666666667,331,6.552234630244511e-08,1.2715005093862202
2025-11-28,14.6,4.5,64,1018.7,14.2,0.0,1.7541666666666667,1.7666666666666666,65.91666666666667,332,5.6342759991366167e-08,1.2080959748359443
2025-11-29,22.1,4.6,68,1018.6,19.8,0.0,3.533333333333333,4.283333333333333,70.83333333333333,333,4.841894919429679e-08,2.185307021664292
2025-11-30,25.4,13.8,89,1014.8,13.1,0.0,5.4125000000000005,7.0375000000000005,72.66666666666667,334,4.158351228414166e-08,1.3488310613227283
2025-12-01,21.6,14.0,92,1013.0,13.4,4.7,8.145833333333334,10.083333333333334,64.16666666666667,335,3.5690739214596854e-08,0.3174580319038951
2025-12-02,25.4,17.1,97,1005.3,27.4,3.2,4.875,5.920833333333333,59.75,336,3.061388760736478e-08,1.499178793062947
2025-12-03,19.6,11.4,98,1011.1,10.6,0.0,4.6499999999999995,4.6875,61.958333333333336,337,2.6242789074609482e-08,0.9289351676036818
2025-12-04,20.3,7.5,92,1013.9,11.8,0.0,8.291666666666666,8.358333333333333,63.083333333333336,338,2.248174731140435e-08,1.0231567612288845
2025-12-05,25.5,13.0,98,1009.3,23.3,0.5,7.1499999999999995,8.2875,68.54166666666667,339,1.924769376960838e-08,1.5945940399948464
2025-12-06,20.3,12.1,100,1008.8,13.3,6.7,6.441666666666666,6.7,45.75,340,1.6468570551530405e-08,0.0
2025-12-07,19.2,12.6,99,1009.3,12.5,23.2,6.758333333333333,6.925,57.291666666666664,341,1.4081913583024397e-08,0.0
2025-12-08,16.6,10.3,100,1008.9,16.8,0.3,4.583333333333333,4.6499999999999995,57.333333333333336,342,1.203361218150526e-08,1.5920453946905968
2025-12-09,16.3,5.5,96,1012.9,15.2,0.0,10.395833333333334,10.816666666666668,60.375,343,1.0276823861309502e-08,1.426165156926765
2025-12-10,16.5,6.3,95,1009.2,13.1,0.0,9.304166666666667,9.879166666666666,60.0,344,8.771025650048736e-09,0.74385171195086
2025-12-11,17.6,8.1,95,1009.8,11.4,0.0,5.4750000000000005,5.745833333333334,65.25,345,7.48118535521973e-09,0.971741878375042
2025-12-12,21.0,3.3,94,1012.9,7.3,0.0,13.295833333333334,13.595833333333333,56.666666666666664,346,6.3770381476302206e-09,0.5929141997663303
2025-12-13,23.5,5.2,95,1014.0,6.8,0.0,17.962500000000002,18.724999999999998,56.5,347,5.432455541862603e-09,0.35908909774380804
2025-12-14,24.5,10.6,98,1012.3,21.6,0.0,10.216666666666667,11.325000000000001,57.375,348,4.624895376357952e-09,2.095485719958492
2025-12-15,13.6,4.0,86,1019.4,20.0,0.0,3.233333333333333,3.720833333333333,70.79166666666667,349,3.9349227469147e-09,2.161620346660738
2025-12-16,19.3,3.7,98,1017.5,12.2,0.0,5.8625,7.079166666666667,64.04166666666667,350,3.345793045646391e-09,1.974474363830005
2025-12-17,23.2,9.7,96,1014.4,12.5,0.0,7.45,9.299999999999999,62.583333333333336,351,2.8430893191142635e-09,1.3198311279758248
2025-12-18,24.6,13.2,95,1009.6,12.8,0.5,6.7625,8.583333333333334,61.958333333333336,352,2.4144070991892133e-09,1.233020158703513
2025-12-19,23.6,12.5,100,1008.8,17.6,1.1,3.4,4.075,72.45833333333333,353,2.0490806914623673e-09,1.400221635742614
2025-12-20,21.6,5.6,82,1014.5,11.0,0.0,4.05,4.2124999999999995,58.958333333333336,354,1.737945640619961e-09,0.332491515618329
2025-12-21,23.7,6.8,100,1016.1,8.4,0.0,9.375,10.4625,60.625,355,1.4731327408094004e-09,0.829394451293446
2025-12-22,22.5,10.4,88,1020.0,18.3,0.0,5.3,6.595833333333334,71.91666666666667,356,1.2478895312221816e-09,1.8540920852243001
2025-12-23,25.2,11.8,98,1020.1,11.2,0.0,9.783333333333333,12.450000000000001,64.20833333333333,357,1.0564257214766005e-09,2.10529684605054
2025-12-24,26.1,10.5,96,1018.2,10.1,0.0,12.674999999999999,14.441666666666668,52.166666666666664,358,8.937794355639906e-10,0.9330556149813305
2025-12-25,25.4,12.2,96,1015.3,11.1,0.0,9.65,10.183333333333334,62.958333333333336,359,7.557015539746933e-10,1.2306189376891465
2025-12-26,25.1,11.4,99,1012.3,13.3,0.0,7.158333333333334,7.366666666666667,74.45833333333333,360,6.385557772564167e-10,1.3161152927564586
2025-12-27,24.4,14.3,98,1011.5,13.5,0.0,5.545833333333333,6.916666666666667,60.708333333333336,361,5.392323361274157e-10,0.8825287854914197
2025-12-28,24.3,14.4,100,1012.1,8.7,0.2,6.791666666666667,8.066666666666666,55.958333333333336,362,4.5507353822439675e-10,1.2671291262610818
2025-12-29,23.8,12.8,100,1009.5,25.4,2.5,4.058333333333334,4.458333333333333,62.208333333333336,363,3.838095739294468e-10,2.0907732134585193
2025-12-30,11.3,3.4,62,1012.6,16.8,0.0,1.55,1.5625,63.708333333333336,364,3.235032073313173e-10,1.9964127791407222
2025-12-31,12.1,-0.2,70,1014.4,12.3,0.0,2.1750000000000003,2.2083333333333335,56.25,365,2.7250215664420694e-10,0.8662450183546069
2026-01-01,17.9,1.9,74,1012.4,13.8,0.0,5.908333333333334,6.204166666666667,67.70833333333333,1,0.42068346715973975,2.3618011915341794
2026-01-02,20.2,5.4,93,1009.3,14.9,0.6,9.345833333333333,11.575000000000001,72.66666666666667,2,0.4446080872969317,1.1938676621800195
2026-01-03,23.9,12.5,99,1005.7,24.8,7.3,3.983333333333333,5.029166666666667,73.33333333333333,3,0.4695997289950221,0.9943425665151309
2026-01-04,16.0,12.7,100,1009.9,12.0,0.0,5.441666666666666,5.779166666666666,58.666666666666664,4,0.49568626255373693,2.5718685128777286
2026-01-05,21.3,12.3,93,1012.5,9.8,0.0,8.025,9.341666666666667,53.666666666666664,5,0.5228950064450073,1.1066804763927318
2026-01-06,25.2,9.4,100,1011.0,13.8,0.0,11.025,12.1,50.5,6,0.5512526265224261,1.7047335346813173
2026-01-07,25.0,16.0,100,1010.6,13.0,0.1,6.954166666666667,8.762500000000001,64.41666666666667,7,0.5807850317604845,1.890645577795541
2026-01-08,25.3,15.3,100,1012.6,11.2,0.0,10.808333333333332,12.404166666666667,58.166666666666664,8,0.611517266734503,1.5301270050880231
2026-01-09,27.9,16.0,99,1014.7,9.6,0.0,9.875,11.370833333333332,60.208333333333336,9,0.6434734010783114,0.9832080286518583
2026-01-10,27.0,15.4,95,1014.2,14.5,0.0,5.816666666666666,6.929166666666667,57.041666666666664,10,0.6766764161830635,2.1541016061054745
2026-01-11,19.8,10.6,100,1014.4,16.9,0.9,5.183333333333334,5.8625,62.75,11,0.7111480894269768,1.7062266039365346
2026-01-12,15.3,4.7,84,1018.8,14.7,0.0,3.733333333333333,4.391666666666667,70.83333333333333,12,0.7469088762520901,2.4063458485061626
2026-01-13,19.2,7.8,82,1015.0,12.4,0.0,6.820833333333333,8.4625,61.166666666666664,13,0.7839777904301987,1.6562080967366777
2026-01-14,16.4,11.2,96,1006.7,17.1,2.9,8.854166666666666,10.325000000000001,65.04166666666667,14,0.8223722828857745,2.2823460448927904
2026-01-15,11.8,4.2,98,1005.2,22.6,0.9,3.641666666666667,4.045833333333333,66.70833333333333,15,0.8621081194687641,2.5388068025342694
2026-01-16,13.3,-2.8,83,1014.6,13.4,0.0,5.729166666666667,5.879166666666666,60.125,16,0.9031992580944699,2.1143746516121995
2026-01-17,21.8,2.7,70,1014.0,13.6,0.0,9.591666666666667,10.7125,65.70833333333333,17,0.9456577256911278,2.631064612638996
2026-01-18,14.5,2.5,99,1010.7,22.8,11.1,9.704166666666667,10.258333333333333,55.166666666666664,18,0.9894934954180733,0.0
2026-01-19,12.5,-1.7,95,1017.5,10.4,0.0,5.933333333333334,6.016666666666667,64.625,19,1.034714364638388,2.16569833848004
2026-01-20,16.1,1.4,75,1022.3,14.1,0.0,2.2958333333333334,2.3583333333333334,65.29166666666667,20,1.0813258341494365,3.014182935862408
2026-01-21,19.7,4.2,84,1021.2,11.5,0.0,8.704166666666667,10.1875,67.95833333333333,21,1.1293309891925722,1.636337695368081
2026-01-22,23.7,11.3,93,1015.1,13.0,0.0,8.666666666666666,10.545833333333333,68.75,22,1.1787303827793176,2.552583926192239
2026-01-23,25.4,9.5,97,1013.1,10.7,0.0,8.820833333333333,11.054166666666667,70.20833333333333,23,1.2295219218853384,2.4034750395847078
2026-01-24,21.3,12.8,99,1014.4,16.7,1.0,8.616666666666667,10.033333333333333,67.29166666666667,24,1.281700757075368,2.9644299057862917
2026-01-25,28.0,13.2,100,1009.7,28.0,0.0,4.395833333333333,5.779166666666666,63.0,25,1.3352591761317167,3.640478891780484
2026-01-26,21.6,5.7,99,1011.3,20.7,3.6,3.6833333333333336,4.195833333333334,68.16666666666667,26,1.3901865022659707,1.8520038570322597
2026-01-27,10.1,-2.1,55,1022.5,17.8,0.0,4.55,4.55,73.20833333333333,27,1.4464689974978084,3.4352456237445677
2026-01-28,13.7,-0.9,68,1019.2,10.8,0.0,2.908333333333333,2.966666666666667,73.29166666666667,28,1.5040897717863777,2.702883641079652
2026-01-29,15.8,-0.5,82,1016.6,14.1,0.0,9.6,9.991666666666667,75.91666666666667,29,1.5630286984982769,3.073225838636628
2026-01-30,19.5,0.7,96,1011.7,13.0,0.0,9.108333333333333,10.887500000000001,75.04166666666667,30,1.6232623367917487,3.0618416205905388
2026-01-31,11.7,-1.6,84,1008.0,28.9,0.0,12.275,13.404166666666667,72.625,31,1.6847638614891258,4.3027539728577295
2026-02-01,5.2,-5.7,52,1017.0,23.4,0.0,4.954166666666667,4.970833333333333,72.70833333333333,32,1.7475030009987824,4.180404479863184
2026-02-02,11.3,-3.9,63,1020.9,11.3,0.0,3.0708333333333333,3.1374999999999997,68.58333333333333,33,1.8114459838337784,3.058674973153251
2026-02-03,16.4,-1.6,86,1020.3,10.1,0.0,6.0874999999999995,7.104166666666667,74.25,34,1.8765554942569977,2.6008149270464505
2026-02-04,21.0,1.7,87,1015.0,15.8,0.1,7.958333333333333,9.845833333333333,79.70833333333333,35,1.9427906375618207,4.239100442019723
2026-02-05,13.2,4.2,99,1009.1,20.7,4.3,10.637500000000001,11.145833333333334,74.58333333333333,36,2.0101069154732745,2.9796400838379897
2026-02-06,16.1,0.4,91,1010.2,22.0,0.0,7.6499999999999995,8.225,78.45833333333333,37,2.078456212127136,3.801934813246076
2026-02-07,19.7,8.7,87,1011.2,15.7,0.0,4.783333333333333,4.9125000000000005,73.79166666666667,38,2.147786791053696,3.9804082345072276
2026-02-08,19.8,1.5,74,1017.7,11.4,0.0,9.991666666666667,10.075000000000001,73.79166666666667,39,2.218043303558859,2.9681706354679305
2026-02-09,22.5,3.8,95,1017.5,6.9,0.0,12.008333333333333,12.820833333333333,70.16666666666667,40,2.2891668088580714,3.294000650355052
2026-02-10,24.1,2.8,89,1016.9,12.9,0.0,7.170833333333333,7.5125,79.58333333333333,41,2.361094806278269,4.11453303788123
2026-02-11,22.1,11.6,97,1014.5,19.0,0.0,6.0375000000000005,7.741666666666667,88.95833333333333,42,2.4337612797998585,4.0054883524591745
2026-02-12,24.0,12.6,100,1012.4,12.6,0.2,6.858333333333333,7.6375,80.5,43,2.507096755164702,4.092447206862431
2026-02-13,23.8,6.2,98,1013.0,16.5,0.0,9.025,10.6,83.54166666666667,44,2.5810283697274814,4.396140740502081
2026-02-14,24.8,8.6,98,1013.8,14.2,0.0,5.691666666666666,7.3125,85.70833333333333,45,2.655479955176726,4.404304019174522
2026-02-15,26.3,15.5,97,1007.0,30.0,3.0,3.716666666666667,4.558333333333334,82.83333333333333,46,2.730372133198547,5.0
2026-02-16,18.8,11.3,99,1008.4,17.3,0.3,5.829166666666667,6.291666666666667,80.20833333333333,47,2.8056224241008723,4.347467177699724
2026-02-17,24.1,9.2,95,1014.5,12.4,0.0,6.308333333333334,8.075000000000001,89.83333333333333,48,2.8811453683589994,3.8196509026160035
2026-02-18,25.9,13.3,97,1011.5,19.1,0.2,5.379166666666666,6.833333333333333,84.45833333333333,49,2.956852660984906,4.451046889134696
2026-02-19,27.7,16.4,100,1008.2,17.6,0.1,7.1625000000000005,8.816666666666666,78.66666666666667,50,3.032653298563167,4.436329184576992
2026-02-20,28.5,17.7,99,1007.6,21.0,0.0,7.045833333333333,8.6,75.33333333333333,51,3.108453738735966,5.0
2026-02-21,29.2,16.8,100,1009.2,18.9,0.0,6.054166666666667,7.270833333333333,68.54166666666667,52,3.184158071858716,5.0
2026-02-22,21.2,9.9,98,1009.4,25.5,1.1,5.6625000000000005,6.533333333333334,85.91666666666667,53,3.259668204486727,5.0
2026-02-23,11.6,3.6,47,1015.0,18.9,0.0,1.9875,2.0458333333333334,84.375,54,3.334884054292372,5.0
2026-02-24,13.5,-0.9,66,1017.1,13.6,0.0,8.7125,8.904166666666667,77.41666666666667,55,3.4097037559517407,4.7749045127029035
2026-02-25,20.1,1.5,91,1013.5,14.7,0.0,6.979166666666667,8.395833333333334,81.79166666666667,56,3.484023877480174,5.0
2026-02-26,24.4,6.9,82,1010.4,21.6,0.0,7.158333333333334,8.5875,88.91666666666667,57,3.5577396464376836,5.0
2026-02-27,25.8,13.8,98,1008.1,18.0,10.9,8.875,10.575,74.75,58,3.630745185368455,3.2488128520043027
2026-02-28,20.5,14.9,100,1009.3,12.1,0.0,9.254166666666666,9.770833333333334,75.41666666666667,59,3.7029337557837594,5.0
2026-03-01,24.1,12.1,92,1013.5,13.1,0.0,7.3500000000000005,7.6625000000000005,88.70833333333333,60,3.774198009945037,4.741334987378524
2026-03-02,25.9,11.7,97,1016.0,16.5,0.0,8.1875,9.716666666666667,88.54166666666667,61,3.8444302496539597,5.0
2026-03-03,25.5,14.3,97,1017.6,16.7,0.0,5.854166666666667,7.7749999999999995,82.33333333333333,62,3.913522691209341,5.0
2026-03-04,27.4,14.4,100,1017.0,15.2,0.0,7.55,9.570833333333333,69.95833333333333,63,3.9813677356470967,5.0
2026-03-05,28.8,16.8,99,1015.5,11.6,7.5,6.533333333333334,8.5375,62.791666666666664,64,4.047858243339435,3.2434584409762715
2026-03-06,29.9,18.7,100,1016.2,13.1,1.1,6.908333333333334,8.845833333333333,56.625,65,4.112887811993323,5.0
2026-03-07,29.8,18.1,99,1014.9,12.6,0.3,6.075,8.041666666666666,58.75,66,4.17635105705636,5.0
2026-03-08,28.6,17.8,100,1012.1,14.0,5.9,6.508333333333333,8.045833333333333,60.791666666666664,67,4.238143893510679,3.5294264062833167
2026-03-09,29.0,19.1,100,1013.3,12.6,0.0,4.875,6.320833333333333,55.541666666666664,68,4.2981638180127115,4.9522249281383655
2026-03-10,30.9,16.9,100,1014.5,12.8,0.0,3.8666666666666667,4.7625,54.375,69,4.356310190318697,5.0
2026-03-11,31.8,17.3,90,1012.5,15.1,0.0,7.258333333333333,8.133333333333333,62.958333333333336,70,4.412484512922977,5.0
2026-03-12,26.3,17.9,99,1008.8,22.2,6.6,4.9750000000000005,6.0249999999999995,67.79166666666667,71,4.466590707828413,4.7922282054804946
2026-03-13,25.5,12.8,83,1011.9,17.4,0.0,6.6000000000000005,8.329166666666667,101.625,72,4.51853538936598,5.0
2026-03-14,24.7,14.0,94,1011.7,15.2,0.1,5.695833333333333,7.558333333333334,94.04166666666667,73,4.568228131983645,5.0
2026-03-15,29.5,17.7,99,1008.7,15.2,25.8,6.708333333333333,8.1625,71.20833333333333,74,4.615581731933179,0.0
2026-03-16,25.6,11.0,98,1003.9,23.4,7.0,4.795833333333333,5.729166666666667,69.125,75,4.660512461797638,4.546969487317185
2026-03-17,13.9,3.2,68,1014.1,19.3,0.0,5.579166666666667,5.966666666666666,96.25,76,4.70294031682171,5.0
2026-03-18,17.4,3.0,68,1016.6,15.0,0.0,3.4583333333333335,3.6374999999999997,103.20833333333333,77,4.742789252032115,5.0
2026-03-19,19.7,6.0,79,1015.6,16.2,0.0,3.391666666666667,3.8625000000000003,108.625,78,4.7799874091655,5.0
2026-03-20,22.7,7.9,84,1014.3,14.1,0.0,3.875,4.7375,102.375,79,4.814467332456814,5.0
2026-03-21,27.0,8.3,94,1011.7,14.5,0.0,10.283333333333333,11.112499999999999,109.25,80,4.846166172381721,5.0
2026-03-22,27.8,12.9,96,1011.2,14.6,0.0,7.762499999999999,9.716666666666667,107.70833333333333,81,4.875025876492089,5.0
2026-03-23,28.5,14.2,97,1010.7,15.9,0.0,4.679166666666666,5.954166666666667,96.75,82,4.900993366533776,5.0
2026-03-24,23.2,15.0,97,1012.5,21.5,0.1,7.595833333333334,8.916666666666666,91.0,83,4.924020701090478,5.0
2026-03-25,25.2,15.2,93,1014.5,17.4,1.1,5.675,7.291666666666667,103.08333333333333,84,4.944065223056166,5.0
2026-03-26,28.4,15.5,99,1013.8,15.9,0.4,5.158333333333333,6.833333333333333,92.79166666666667,85,4.9610896913012175,5.0
2026-03-27,29.9,16.0,96,1012.3,15.4,0.0,8.854166666666666,9.920833333333333,88.08333333333333,86,4.975062395963412,5.0
2026-03-28,26.3,14.8,98,1015.6,26.7,0.0,5.55,6.141666666666667,85.95833333333333,87,4.985957256864225,5.0
2026-03-29,22.6,15.6,85,1020.4,24.1,0.4,9.3375,11.920833333333334,114.91666666666667,88,4.9937539046229045,5.0
2026-03-30,27.1,14.9,94,1019.2,16.0,0.2,6.920833333333333,9.520833333333334,101.45833333333333,89,4.998437744115195,5.0
2026-03-31,28.8,16.2,96,1017.4,11.9,0.3,6.166666666666667,8.641666666666667,88.45833333333333,90,5.0,5.0
2026-04-01,27.0,15.6,94,1015.6,13.3,0.2,7.883333333333333,11.429166666666667,84.91666666666667,91,4.998437744115195,5.0
2026-04-02,28.3,16.0,93,1015.1,20.1,0.0,5.05,7.108333333333333,83.125,92,4.9937539046229045,5.0
2026-04-03,29.6,18.3,99,1016.1,14.7,7.4,6.491666666666667,9.154166666666667,79.58333333333333,93,4.985957256864225,4.109849559008087
2026-04-04,29.2,18.4,98,1015.4,14.7,0.0,5.579166666666667,8.012500000000001,75.45833333333333,94,4.975062395963412,5.0
2026-04-05,30.3,17.3,98,1012.2,12.4,0.1,5.108333333333333,6.908333333333334,71.33333333333333,95,4.9610896913012175,5.0
2026-04-06,26.2,16.5,96,1010.0,18.5,0.0,10.700000000000001,11.716666666666667,75.375,96,4.944065223056166,5.0
2026-04-07,17.6,13.3,98,1010.2,21.3,10.6,9.183333333333334,10.216666666666667,94.25,97,4.924020701090478,3.6798752819588367
2026-04-08,21.9,16.4,89,1013.3,28.8,4.4,7.641666666666667,9.729166666666666,102.16666666666667,98,4.900993366533776,5.0
2026-04-09,22.8,15.9,91,1016.5,25.7,1.2,7.4750000000000005,9.683333333333334,107.29166666666667,99,4.875025876492089,5.0
2026-04-10,25.5,15.0,98,1017.1,18.9,0.0,7.829166666666667,10.370833333333334,103.95833333333333,100,4.846166172381721,5.0
2026-04-11,26.7,13.6,96,1017.5,14.0,0.0,6.991666666666667,9.466666666666667,95.08333333333333,101,4.814467332456814,5.0
2026-04-12,27.3,12.7,97,1018.6,16.8,0.0,5.1625000000000005,6.958333333333333,92.375,102,4.7799874091655,5.0
2026-04-13,27.5,13.5,95,1018.5,13.0,0.0,7.05,9.645833333333334,95.33333333333333,103,4.742789252032115,5.0
2026-04-14,28.9,14.2,96,1015.8,13.3,0.0,7.2250000000000005,10.158333333333333,93.79166666666667,104,4.70294031682171,5.0
2026-04-15,28.9,14.7,94,1013.8,16.8,0.0,6.508333333333333,8.620833333333334,93.45833333333333,105,4.660512461797638,5.0
2026-04-16,29.6,14.4,92,1012.8,9.4,0.0,6.925,9.049999999999999,91.58333333333333,106,4.615581731933179,5.0
2026-04-17,30.7,14.1,99,1010.6,9.6,0.0,5.966666666666666,6.6875,94.83333333333333,107,4.568228131983645,5.0
2026-04-18,32.1,14.7,94,1008.9,15.5,0.0,5.183333333333333,6.041666666666667,97.25,108,4.51853538936598,5.0
2026-04-19,31.3,17.6,90,1009.4,19.2,0.0,5.3999999999999995,6.4375,91.91666666666667,109,4.466590707828413,5.0
2026-04-20,24.3,13.2,62,1015.0,19.2,0.0,5.075,6.141666666666667,112.91666666666667,110,4.412484512922977,5.0
2026-04-21,27.1,9.9,88,1017.3,15.0,0.0,5.7875000000000005,9.533333333333333,110.0,111,4.356310190318697,5.0
2026-04-22,24.8,13.1,83,1015.8,11.7,0.1,7.2,9.933333333333334,97.08333333333333,112,4.2981638180127115,5.0
2026-04-23,26.7,12.5,93,1011.4,12.8,0.0,7.2375,9.2125,92.33333333333333,113,4.238143893510679,5.0
2026-04-24,28.7,15.1,95,1007.1,9.1,0.0,7.854166666666667,10.0375,95.375,114,4.17635105705636,5.0
2026-04-25,30.3,15.7,90,1004.3,16.9,0.0,8.558333333333334,9.779166666666667,88.5,115,4.112887811993323,4.99283077733028
2026-04-26,30.0,17.5,98,1004.4,11.1,1.3,6.008333333333333,7.691666666666666,80.75,116,4.047858243339435,4.842439969247206
2026-04-27,26.0,18.0,99,1010.1,20.6,0.0,6.875,8.066666666666666,94.875,117,3.9813677356470967,5.0
2026-04-28,30.1,15.7,97,1012.5,12.8,0.2,6.4750000000000005,9.0625,93.125,118,3.913522691209341,5.0
2026-04-29,31.9,17.9,95,1008.3,16.4,0.0,5.383333333333333,7.245833333333334,86.875,119,3.8444302496539597,5.0
2026-04-30,30.6,21.1,93,1004.2,16.1,1.4,3.6333333333333333,4.729166666666667,86.70833333333333,120,3.774198009945037,4.918303433358278
2026-05-01,30.9,20.2,98,1004.4,13.4,0.0,8.483333333333333,9.783333333333333,87.45833333333333,121,3.7029337557837594,5.0
2026-05-02,24.3,16.6,99,1003.9,22.7,9.2,9.5875,10.216666666666667,73.45833333333333,122,3.630745185368455,3.4870472630365037
2026-05-03,24.6,12.9,99,1010.6,15.6,0.0,7.95,8.433333333333334,102.66666666666667,123,3.5577396464376836,4.6376210836153735
2026-05-04,26.7,13.5,90,1010.1,14.4,0.0,7.058333333333334,9.424999999999999,109.04166666666667,124,3.484023877480174,4.790223383143794
2026-05-05,28.8,15.0,87,1009.0,11.2,0.0,5.545833333333333,7.391666666666667,108.08333333333333,125,3.4097037559517407,4.339725631487358
2026-05-06,32.7,17.1,86,1009.2,15.1,0.0,8.129166666666666,9.966666666666667,95.54166666666667,126,3.334884054292372,4.583552361262887
2026-05-07,31.8,20.2,94,1007.5,16.1,0.0,6.070833333333333,7.158333333333334,86.83333333333333,127,3.259668204486727,5.0
2026-05-08,32.1,21.8,98,1007.2,20.2,8.5,9.75,10.9625,71.5,128,3.184158071858716,2.8161507562430983
2026-05-09,27.5,19.4,99,1006.7,14.8,3.1,14.216666666666667,15.091666666666667,72.41666666666667,129,3.108453738735966,3.154100157001948
2026-05-10,30.2,20.6,98,1008.7,14.0,0.5,10.737499999999999,11.516666666666666,63.041666666666664,130,3.032653298563167,4.6497980773850776
2026-05-11,31.0,20.4,100,1009.7,15.5,1.0,11.933333333333332,13.766666666666666,49.291666666666664,131,2.956852660984906,5.0
2026-05-12,25.1,20.4,100,1009.1,18.6,26.2,6.375,6.7375,65.79166666666667,132,2.8811453683589994,0.0
2026-05-13,28.9,18.8,100,1005.6,13.4,1.2,5.2749999999999995,6.3,63.208333333333336,133,2.8056224241008723,3.177874437719267
2026-05-14,30.3,19.2,100,1005.1,12.2,0.0,8.225,9.8375,80.41666666666667,134,2.730372133198547,3.7566785040520463
2026-05-15,30.6,14.9,89,1009.6,16.7,0.0,5.45,6.6625000000000005,97.75,135,2.655479955176726,4.832244414851375
2026-05-16,33.1,19.6,98,1011.8,14.9,1.2,7.7875000000000005,10.308333333333334,90.66666666666667,136,2.5810283697274814,3.4279605834799693
2026-05-17,31.5,21.4,98,1012.6,14.2,0.6,6.816666666666666,9.258333333333333,76.41666666666667,137,2.507096755164702,3.924624526423193
2026-05-18,31.8,19.2,96,1014.6,17.6,0.0,8.320833333333333,12.116666666666667,84.0,138,2.4337612797998585,4.503614901171593
2026-05-19,31.2,21.3,99,1014.4,16.7,4.5,6.8,9.733333333333333,63.041666666666664,139,2.361094806278269,2.310322617647036
2026-05-20,32.5,19.5,97,1011.7,15.0,0.0,7.854166666666667,10.833333333333334,63.583333333333336,140,2.2891668088580714,3.7653566664333513
2026-05-21,32.8,21.3,98,1010.1,8.1,1.1,5.895833333333333,7.658333333333334,65.25,141,2.218043303558859,1.40153636753123
2026-05-22,33.4,22.4,98,1009.8,15.0,0.1,5.958333333333333,7.679166666666667,67.33333333333333,142,2.147786791053696,3.20803173451998
2026-05-23,31.2,23.0,99,1011.3,10.8,7.8,6.758333333333333,8.6875,64.125,143,2.078456212127136,0.717428951569872
2026-05-24,31.7,22.0,100,1011.8,12.5,4.8,7.1000000000000005,8.995833333333334,61.375,144,2.0101069154732745,1.3209936426873348
2026-05-25,33.0,22.3,99,1011.0,14.1,2.0,7.6375,10.208333333333334,56.833333333333336,145,1.9427906375618207,3.405755159134475
2026-05-26,33.3,22.1,99,1010.9,15.4,4.6,6.708333333333333,9.104166666666666,53.916666666666664,146,1.8765554942569977,1.4644989430727446
2026-05-27,33.1,22.0,100,1010.3,16.1,11.5,7.4375,9.808333333333334,53.041666666666664,147,1.8114459838337784,0.0
2026-05-28,30.6,22.1,99,1008.6,12.5,9.4,6.304166666666667,8.0875,48.958333333333336,148,1.7475030009987824,0.2297992319132191
2026-05-29,32.8,22.6,100,1007.3,11.3,8.9,8.616666666666667,10.508333333333333,48.333333333333336,149,1.6847638614891258,0.7212731771155723
2026-05-30,29.8,23.2,100,1007.0,16.0,20.9,10.316666666666666,12.862499999999999,42.833333333333336,150,1.6232623367917487,0.0
2026-05-31,31.8,22.6,100,1007.6,15.1,4.5,9.3125,12.137500000000001,44.583333333333336,151,1.5630286984982769,2.1882941993602607
2026-06-01,31.1,23.0,99,1007.5,19.0,3.7,9.820833333333333,12.454166666666666,58.625,152,1.5040897717863777,2.298182996194212
2026-06-02,32.0,22.5,99,1008.0,18.4,3.5,7.545833333333333,8.808333333333334,73.20833333333333,153,1.4464689974978084,1.8438655370786279
2026-06-03,28.3,20.1,92,1012.9,21.6,0.0,7.825,11.575000000000001,95.625,154,1.3901865022659707,3.7350278919712796
2026-06-04,28.9,17.1,84,1013.5,17.2,0.0,7.954166666666667,11.637500000000001,92.91666666666667,155,1.3352591761317167,3.134883054361105
2026-06-05,29.2,17.2,93,1012.3,12.1,0.0,8.204166666666667,11.612499999999999,81.83333333333333,156,1.281700757075368,2.25161400621185
2026-06-06,30.6,18.5,91,1010.9,12.6,0.0,7.158333333333334,10.725,72.41666666666667,157,1.2295219218853384,2.5174427558813464
2026-06-07,32.1,19.7,95,1009.9,14.4,0.0,7.020833333333333,10.020833333333334,71.625,158,1.1787303827793176,2.4646049440346136
2026-06-08,32.0,20.2,89,1011.9,11.0,0.0,9.625,13.237499999999999,71.875,159,1.1293309891925722,2.2747379272930717
2026-06-09,29.9,21.2,98,1013.3,16.2,2.1,8.049999999999999,11.320833333333333,54.5,160,1.0813258341494365,2.336178103957855
2026-06-10,31.0,22.3,99,1010.7,15.9,3.2,6.0874999999999995,8.120833333333334,58.791666666666664,161,1.034714364638388,2.299121091096529
2026-06-11,32.9,21.6,97,1009.4,12.2,2.3,9.904166666666667,12.325000000000001,72.66666666666667,162,0.9894934954180733,1.0243672958873338
2026-06-12,33.9,23.2,99,1009.4,11.5,1.4,6.304166666666666,7.5625,48.958333333333336,163,0.9456577256911278,2.528871075553635
2026-06-13,34.9,23.7,100,1009.3,13.2,6.6,7.7749999999999995,9.433333333333334,46.875,164,0.9031992580944699,0.0
2026-06-14,30.1,23.6,99,1009.1,15.9,5.7,7.108333333333333,8.9625,45.875,165,0.8621081194687641,0.6813940814545308
2026-06-15,33.1,24.8,96,1008.2,16.9,6.3,8.191666666666666,11.416666666666666,44.791666666666664,166,0.8223722828857745,0.8576991654796051
2026-06-16,31.6,23.2,100,1007.5,15.3,7.6,7.033333333333334,9.887500000000001,44.416666666666664,167,0.7839777904301987,0.14637453752421228
2026-06-17,33.5,22.9,100,1008.0,18.4,1.3,8.829166666666667,12.220833333333333,49.875,168,0.7469088762520901,1.9478290683238526
2026-06-18,35.3,24.9,98,1009.2,19.0,1.5,6.495833333333334,8.454166666666667,50.375,169,0.7111480894269768,2.0778991892840666
2026-06-19,32.1,24.5,99,1009.8,23.1,11.4,8.404166666666667,11.737499999999999,46.333333333333336,170,0.6766764161830635,0.0
2026-06-20,33.1,22.2,98,1009.3,13.5,4.3,8.370833333333334,11.470833333333333,41.416666666666664,171,0.6434734010783114,0.4677274983006271
2026-06-21,32.9,21.1,99,1009.4,10.6,5.6,6.095833333333334,7.808333333333334,37.041666666666664,172,0.611517266734503,0.331358105542913
2026-06-22,33.7,21.8,100,1011.8,14.6,1.1,5.8125,7.533333333333334,37.625,173,0.5807850317604845,1.8535912261465035
2026-06-23,35.1,24.2,99,1012.0,18.3,2.7,6.608333333333333,9.316666666666666,47.791666666666664,174,0.5512526265224261,1.2940887884181644
2026-06-24,34.7,24.5,100,1010.2,12.8,0.4,10.729166666666666,12.129166666666668,77.91666666666667,175,0.5228950064450073,2.0427349566183075
2026-06-25,34.4,21.5,96,1010.3,16.0,1.5,11.8375,13.304166666666667,77.79166666666667,176,0.49568626255373693,1.7686060709043807
2026-06-26,33.8,22.7,96,1013.2,11.2,1.6,8.15,10.279166666666667,51.041666666666664,177,0.4695997289950221,1.434744576530606
2026-06-27,34.8,22.7,100,1013.2,8.8,6.0,9.354166666666666,12.295833333333334,50.041666666666664,178,0.4446080872969317,0.0
2026-06-28,34.8,22.7,99,1011.1,9.0,3.9,9.558333333333334,11.8125,55.666666666666664,179,0.42068346715973975,0.0
2026-06-29,36.1,23.7,99,1010.7,9.7,2.8,7.091666666666666,8.1875,53.166666666666664,180,0.39779754359113845,0.3037251275123506
2026-06-30,33.3,23.6,99,1010.2,13.6,8.1,10.4375,12.220833333333333,64.04166666666667,181,0.37592163022635566,0.0
2026-07-01,32.4,23.0,100,1009.9,19.8,3.6,8.166666666666666,11.075000000000001,68.25,182,0.35502676869818495,1.499174874871571
2026-07-02,33.2,21.0,99,1010.6,15.0,0.0,9.854166666666666,13.5875,71.45833333333333,183,0.3350838139460365,1.826723176360377
2026-07-03,34.6,23.1,100,1010.8,16.4,1.0,5.5249999999999995,7.441666666666666,57.25,184,0.3160635153764443,1.702994468699957
2026-07-04,34.1,23.7,97,1009.7,13.5,0.7,7.295833333333333,8.329166666666667,75.0,185,0.29793659380993043,1.9490025521253003
2026-07-05,33.4,23.8,97,1009.0,9.9,7.4,6.3374999999999995,7.791666666666667,54.375,186,0.2806738141706686,0.0
2026-07-06,33.8,24.1,98,1009.9,12.2,5.2,5.154166666666667,6.8374999999999995,46.416666666666664,187,0.2642460538959258,0.14308500636394103
2026-07-07,33.6,23.3,96,1011.5,14.2,1.1,4.3500000000000005,5.816666666666666,47.541666666666664,188,0.248624367061748,1.2577473060881903
2026-07-08,34.7,23.7,93,1012.4,11.4,0.5,4.066666666666666,5.5249999999999995,46.458333333333336,189,0.23378004423973958,1.1367075629488517
2026-07-09,36.0,23.5,96,1012.2,11.9,0.0,8.5875,17.154166666666665,46.458333333333336,190,0.2196846681170371,1.8491954089119131
2026-07-10,35.8,23.1,97,1012.5,10.5,2.8,13.325000000000001,26.770833333333332,53.166666666666664,191,0.20631016492765986,0.746476704522872
2026-07-11,35.9,21.6,98,1012.9,14.6,2.2,11.0,18.604166666666668,60.666666666666664,192,0.19362885175832176,1.3190327061585772
2026-07-12,34.4,23.6,96,1013.3,11.0,3.9,7.279166666666666,12.549999999999999,46.166666666666664,193,0.18161347980549122,0.6338050026672231
2026-07-13,31.0,23.4,99,1013.1,13.9,8.6,12.179166666666667,27.150000000000002,44.25,194,0.17023727367299674,0.0
2026-07-14,31.8,23.6,96,1012.4,17.0,1.3,14.375,28.454166666666666,47.041666666666664,195,0.15947396681078552,1.7422551553287713
2026-07-15,33.2,22.0,95,1012.0,15.9,0.5,16.325,28.925,47.958333333333336,196,0.14929783320557766,1.4651911305681955
2026-07-16,33.2,23.4,99,1011.1,12.3,4.8,8.975,10.941666666666668,71.375,197,0.1396837154431223,0.05935025643849942
2026-07-17,33.1,22.2,99,1010.8,14.9,1.0,13.029166666666667,13.254166666666668,78.25,198,0.13060704926959116,1.2685498275225175
2026-07-18,33.1,21.8,100,1010.1,12.6,0.7,13.637500000000001,17.037499999999998,68.75,199,0.12204388478635955,1.210842270783447
2026-07-19,33.8,23.4,99,1008.0,16.6,2.5,11.237499999999999,16.325,52.916666666666664,200,0.11397090441806172,1.2620337145928273
2026-07-20,32.5,24.6,97,1006.8,19.4,7.0,10.6,14.058333333333335,66.08333333333333,201,0.10636543779840793,0.0
2026-07-21,33.9,25.0,95,1007.5,21.5,1.8,12.025,17.55,66.375,202,0.09920547372185144,2.5461603839960354
2026-07-22,35.0,23.8,97,1008.8,13.9,0.0,15.245833333333332,22.604166666666668,57.5,203,0.09246966931184535,1.0800627167119647
2026-07-23,36.0,23.9,97,1010.8,9.8,0.5,12.783333333333333,17.183333333333334,61.166666666666664,204,0.08613735655817553,0.43046191144308277
2026-07-24,36.4,24.1,96,1011.6,10.2,0.2,7.341666666666666,9.737499999999999,53.208333333333336,205,0.08018854637675274,1.50343289577678
2026-07-25,36.6,24.3,94,1011.0,9.7,0.2,10.041666666666666,12.120833333333332,65.33333333333333,206,0.07460393034533921,1.3012690079305136
2026-07-26,34.7,24.2,97,1008.0,10.7,2.0,12.445833333333333,15.0875,68.16666666666667,207,0.06936488026803571,0.7890128070888978
2026-07-27,34.5,23.6,100,1004.9,12.9,4.1,13.079166666666666,14.854166666666666,80.25,208,0.06445344572000736,0.3757916494257197
2026-07-28,34.9,23.2,99,1003.8,12.9,1.6,16.883333333333333,18.870833333333334,82.29166666666667,209,0.0598523497219475,0.8649536405831817
2026-07-29,34.5,25.0,99,1004.0,15.6,1.6,9.887500000000001,11.754166666666668,85.16666666666667,210,0.05554498269121153,0.776643234096879
2026-07-30,33.9,24.0,100,1006.7,25.5,30.0,11.0375,13.041666666666666,91.08333333333333,211,0.05151539481346233,0.0
2026-07-31,32.7,22.7,100,1008.5,16.1,2.8,9.129166666666666,11.566666666666668,66.375,212,0.04774828697510154,0.5468836023702572
2026-08-01,31.4,22.8,99,1006.8,16.3,14.1,6.095833333333334,7.8625,54.833333333333336,213,0.044229000392773214,0.0
2026-08-02,29.6,22.9,99,1005.7,18.1,16.7,2.983333333333333,3.904166666666667,49.833333333333336,214,0.04094350507187042,0.0
2026-08-03,28.7,22.9,99,1006.1,19.3,15.2,3.608333333333333,4.6625000000000005,49.541666666666664,215,0.03787838722129968,0.0
2026-08-04,33.1,23.1,100,1008.5,12.3,1.5,5.345833333333334,6.95,60.375,216,0.03502083574681211,0.686466499085615
2026-08-05,32.2,22.4,97,1012.2,9.0,3.6,9.870833333333334,15.516666666666666,51.666666666666664,217,0.03235862794004005,0.01753120965028976
2026-08-06,32.9,22.5,100,1014.2,11.4,12.6,10.629166666666666,12.362499999999999,47.291666666666664,218,0.029880114475029713,0.0
2026-08-07,31.7,22.0,100,1013.4,13.6,2.6,6.704166666666667,9.129166666666666,41.208333333333336,219,0.02757420381857363,0.27868604559200116
2026-08-08,29.5,23.7,100,1011.9,10.6,7.4,5.345833333333334,6.716666666666666,52.333333333333336,220,0.025430346155063503,0.0
2026-08-09,34.7,23.3,100,1012.4,11.1,2.5,8.916666666666666,11.0375,52.25,221,0.02343851692094219,0.48142514536443143
2026-08-10,33.5,23.7,99,1013.9,9.3,1.5,10.220833333333333,12.799999999999999,50.208333333333336,222,0.02158920003816539,0.2988119298897137
2026-08-11,33.9,23.5,97,1012.7,11.0,0.6,9.308333333333334,11.154166666666667,45.416666666666664,223,0.019873370930424978,0.751458048683096
2026-08-12,33.5,24.1,98,1009.7,15.2,2.0,5.9125000000000005,7.729166666666667,41.041666666666664,224,0.01828247940026448,1.0311024543433192
2026-08-13,33.8,22.4,99,1010.3,9.7,4.4,8.4125,10.683333333333332,47.666666666666664,225,0.01680843243966128,0.0
2026-08-14,36.1,23.5,99,1012.8,13.2,2.6,9.691666666666666,11.833333333333334,45.5,226,0.015443577041183845,0.0
2026-08-15,34.1,23.1,98,1013.8,8.5,1.5,7.116666666666667,8.549999999999999,50.083333333333336,227,0.014180683071479542,0.12680299457050526
2026-08-16,34.8,24.6,99,1012.4,10.9,7.3,6.183333333333334,7.7875000000000005,51.958333333333336,228,0.013012926263627014,0.0
2026-08-17,36.0,24.8,98,1010.5,14.8,0.8,7.658333333333334,9.762500000000001,71.66666666666667,229,0.0119338713798164,1.3762968976190184
2026-08-18,36.6,23.5,97,1009.3,14.6,2.2,8.012500000000001,9.991666666666667,72.25,230,0.010937455590914425,1.4010799423707352
2026-08-19,32.6,22.5,99,1008.4,17.7,18.5,9.245833333333334,10.104166666666666,89.125,231,0.010017972114743586,0.0
2026-08-20,35.0,22.8,99,1009.4,13.3,4.5,8.933333333333334,9.183333333333334,81.83333333333333,232,0.009170054150365798,0.0
2026-08-21,32.8,22.7,99,1010.0,10.4,2.3,7.354166666666667,8.700000000000001,63.583333333333336,233,0.008388659141319404,0.3507821759802439
2026-08-22,32.9,22.6,99,1009.1,17.5,10.2,6.079166666666667,9.637500000000001,43.875,234,0.007669053396622315,0.0
2026-08-23,32.0,22.6,100,1008.5,14.1,4.1,4.45,5.2,75.70833333333333,235,0.0070067970944269605,0.1796015426974714
2026-08-24,34.2,23.3,100,1009.2,14.6,6.0,7.820833333333333,9.112499999999999,80.54166666666667,236,0.006397729689499618,0.0
2026-08-25,33.0,23.3,99,1009.9,12.8,18.2,8.058333333333334,9.729166666666666,69.33333333333333,237,0.005837955742198186,0.0
2026-08-26,32.6,22.6,100,1009.9,14.3,13.7,6.791666666666667,8.129166666666666,62.666666666666664,238,0.005323831183339602,0.0
2026-08-27,31.7,21.6,100,1009.1,13.6,10.1,7.208333333333333,9.070833333333333,52.916666666666664,239,0.004851950026280031,0.0
2026-08-28,29.9,22.9,100,1010.1,10.7,8.8,5.770833333333333,7.2375,42.75,240,0.00441913153467525,0.0
2026-08-29,33.8,22.5,100,1011.5,10.9,5.8,8.729166666666666,11.208333333333334,51.791666666666664,241,0.004022407851742304,0.0
2026-08-30,34.5,23.3,100,1011.0,17.2,1.3,4.0,5.1,49.25,242,0.003659012094402364,1.4943437009339788
2026-08-31,33.0,23.3,100,1010.6,10.4,3.6,6.116666666666667,8.366666666666667,47.25,243,0.0033263669134437953,0.23938396359788877
2026-09-01,31.9,23.4,100,1010.2,10.6,9.0,6.3875,7.8625,43.166666666666664,244,0.0030220735187977774,0.0
