date,temperature_2m_max,temperature_2m_min,relative_humidity_2m_max,surface_pressure_mean,windspeed_10m_max,precipitation_sum
2025-09-01,29.0,22.9,89,1007.7,21.5,0.4
2025-09-02,30.4,20.7,84,1007.1,17.2,1.2
2025-09-03,31.3,20.6,91,1006.1,12.6,0.0
2025-09-04,32.2,21.1,96,1005.7,11.7,0.0
2025-09-05,32.9,21.6,93,1007.7,15.1,0.7
2025-09-06,33.4,22.7,99,1008.3,11.2,14.6
2025-09-07,33.2,23.4,99,1007.7,14.6,7.9
2025-09-08,30.6,22.5,99,1008.1,18.2,8.2
2025-09-09,27.8,22.4,96,1008.2,21.6,1.1
2025-09-10,31.2,22.1,80,1009.6,14.7,0.0
2025-09-11,29.5,19.9,94,1010.5,13.5,0.0
2025-09-12,29.1,20.0,95,1009.9,17.0,0.3
2025-09-13,29.7,19.6,90,1008.0,18.1,1.6
2025-09-14,30.4,19.5,89,1007.0,15.1,0.0
2025-09-15,30.1,18.3,86,1009.8,11.1,0.0
2025-09-16,31.2,18.9,97,1011.4,11.8,0.7
2025-09-17,30.5,19.8,92,1010.4,11.9,0.0
2025-09-18,31.3,19.9,99,1009.2,13.9,0.1
2025-09-19,32.1,19.1,98,1008.9,12.0,5.3
2025-09-20,32.1,20.6,99,1009.8,17.3,0.1
2025-09-21,31.1,20.6,96,1009.9,15.7,0.3
2025-09-22,31.7,21.4,99,1008.7,13.3,0.9
2025-09-23,33.0,21.8,99,1009.3,7.4,0.2
2025-09-24,33.7,22.6,95,1010.2,8.8,0.7
2025-09-25,32.3,22.6,100,1008.2,13.8,0.6
2025-09-26,31.7,22.3,98,1005.1,18.7,4.6
2025-09-27,27.4,22.2,100,1004.7,7.4,6.6
2025-09-28,30.3,21.2,100,1006.1,17.0,2.2
2025-09-29,29.7,22.2,98,1005.6,18.2,1.9
2025-09-30,28.9,21.2,92,1004.0,20.4,0.8
2025-10-01,29.6,20.0,98,1006.9,15.7,0.9
2025-10-02,28.8,21.9,90,1011.8,21.7,0.9
2025-10-03,28.8,20.3,98,1012.2,21.4,0.5
2025-10-04,28.5,20.6,96,1009.8,23.3,1.3
2025-10-05,29.3,22.0,96,1010.1,19.5,5.4
2025-10-06,28.6,22.6,97,1010.7,21.3,3.7
2025-10-07,30.3,22.4,98,1010.3,17.3,0.6
2025-10-08,29.8,21.5,96,1009.8,12.4,0.5
2025-10-09,27.9,21.9,97,1010.2,23.0,2.1
2025-10-10,24.9,20.0,88,1007.5,23.0,1.3
2025-10-11,26.1,18.4,87,1002.8,23.3,0.0
2025-10-12,26.6,15.6,92,1002.5,14.2,0.0
2025-10-13,28.2,14.9,94,1006.0,9.4,0.0
2025-10-14,29.0,15.8,100,1008.6,9.6,0.0
2025-10-15,26.7,16.8,97,1008.4,17.7,0.0
2025-10-16,27.8,15.5,94,1007.1,12.4,0.0
2025-10-17,28.2,17.3,95,1008.9,14.2,0.0
2025-10-18,27.3,14.6,92,1010.5,12.4,0.0
2025-10-19,28.8,17.1,99,1009.7,13.9,8.2
2025-10-20,26.5,17.9,99,1011.9,14.9,0.1
2025-10-21,28.5,14.7,99,1010.7,8.6,0.0
2025-10-22,28.1,13.3,100,1010.3,10.8,0.0
2025-10-23,25.3,12.1,75,1012.8,11.7,0.0
2025-10-24,26.0,11.8,88,1014.0,15.5,0.0
2025-10-25,27.4,15.2,89,1014.2,18.9,0.0
2025-10-26,27.9,18.1,94,1011.0,19.8,1.1
2025-10-27,26.9,20.8,99,1004.9,14.2,3.0
2025-10-28,21.5,16.4,99,1004.6,13.8,0.3
2025-10-29,23.8,14.6,87,1004.1,19.0,0.0
2025-10-30,20.5,9.2,85,1004.7,23.2,0.0
2025-10-31,19.4,7.3,94,1009.8,11.0,0.0
2025-11-01,21.7,6.1,94,1011.9,10.1,0.0
2025-11-02,23.9,9.2,98,1012.2,8.9,0.0
2025-11-03,22.3,11.4,85,1014.2,13.3,0.0
2025-11-04,23.7,8.7,90,1018.3,11.9,0.0
2025-11-05,26.6,12.6,97,1016.7,9.6,0.0
2025-11-06,26.4,11.7,97,1012.9,9.2,0.0
2025-11-07,27.3,13.7,98,1008.3,9.0,0.0
2025-11-08,28.6,14.9,97,1005.9,12.2,0.6
2025-11-09,26.8,20.1,100,1007.1,15.8,8.0
2025-11-10,20.4,6.7,95,1012.0,19.4,0.0
2025-11-11,12.3,0.7,70,1021.4,20.4,0.0
2025-11-12,19.6,0.3,89,1019.0,12.1,0.0
2025-11-13,23.4,6.6,90,1015.9,9.2,0.0
2025-11-14,23.9,8.2,93,1014.4,10.6,0.0
2025-11-15,25.2,8.0,97,1011.1,12.9,0.0
2025-11-16,25.3,11.6,95,1005.8,16.0,0.0
2025-11-17,26.0,14.3,98,1008.1,10.8,0.0
2025-11-18,26.2,10.8,96,1013.2,8.5,0.0
2025-11-19,27.3,11.7,84,1014.5,6.8,0.0
2025-11-20,28.0,12.5,93,1013.3,7.1,0.0
2025-11-21,27.0,12.4,100,1012.5,9.2,0.0
2025-11-22,27.5,13.1,98,1011.8,12.1,0.0
2025-11-23,26.7,18.4,100,1011.2,9.6,0.5
2025-11-24,26.6,15.3,100,1012.9,12.6,0.0
2025-11-25,28.0,14.6,98,1012.5,10.6,0.0
2025-11-26,26.0,16.0,96,1011.9,11.4,0.6
2025-11-27,19.6,10.6,99,1013.2,15.6,1.4
2025-11-28,14.6,4.5,64,1018.7,14.2,0.0
2025-11-29,22.1,4.6,68,1018.6,19.8,0.0
2025-11-30,25.4,13.8,89,1014.8,13.1,0.0
2025-12-01,21.6,14.0,92,1013.0,13.4,4.7
2025-12-02,25.4,17.1,97,1005.3,27.4,3.2
2025-12-03,19.6,11.4,98,1011.1,10.6,0.0
2025-12-04,20.3,7.5,92,1013.9,11.8,0.0
2025-12-05,25.5,13.0,98,1009.3,23.3,0.5
2025-12-06,20.3,12.1,100,1008.8,13.3,6.7
2025-12-07,19.2,12.6,99,1009.3,12.5,23.2
2025-12-08,16.6,10.3,100,1008.9,16.8,0.3
2025-12-09,16.3,5.5,96,1012.9,15.2,0.0
2025-12-10,16.5,6.3,95,1009.2,13.1,0.0
2025-12-11,17.6,8.1,95,1009.8,11.4,0.0
2025-12-12,21.0,3.3,94,1012.9,7.3,0.0
2025-12-13,23.5,5.2,95,1014.0,6.8,0.0
2025-12-14,24.5,10.6,98,1012.3,21.6,0.0
2025-12-15,13.6,4.0,86,1019.4,20.0,0.0
2025-12-16,19.3,3.7,98,1017.5,12.2,0.0
2025-12-17,23.2,9.7,96,1014.4,12.5,0.0
2025-12-18,24.6,13.2,95,1009.6,12.8,0.5
2025-12-19,23.6,12.5,100,1008.8,17.6,1.1
2025-12-20,21.6,5.6,82,1014.5,11.0,0.0
2025-12-21,23.7,6.8,100,1016.1,8.4,0.0
2025-12-22,22.5,10.4,88,1020.0,18.3,0.0
2025-12-23,25.2,11.8,98,1020.1,11.2,0.0
2025-12-24,26.1,10.5,96,1018.2,10.1,0.0
2025-12-25,25.4,12.2,96,1015.3,11.1,0.0
2025-12-26,25.1,11.4,99,1012.3,13.3,0.0
2025-12-27,24.4,14.3,98,1011.5,13.5,0.0
2025-12-28,24.3,14.4,100,1012.1,8.7,0.2
2025-12-29,23.8,12.8,100,1009.5,25.4,2.5
2025-12-30,11.3,3.4,62,1012.6,16.8,0.0
2025-12-31,12.1,-0.2,70,1014.4,12.3,0.0
2026-01-01,17.9,1.9,74,1012.4,13.8,0.0
2026-01-02,20.2,5.4,93,1009.3,14.9,0.6
2026-01-03,23.9,12.5,99,1005.7,24.8,7.3
2026-01-04,16.0,12.7,100,1009.9,12.0,0.0
2026-01-05,21.3,12.3,93,1012.5,9.8,0.0
2026-01-06,25.2,9.4,100,1011.0,13.8,0.0
2026-01-07,25.0,16.0,100,1010.6,13.0,0.1
2026-01-08,25.3,15.3,100,1012.6,11.2,0.0
2026-01-09,27.9,16.0,99,1014.7,9.6,0.0
2026-01-10,27.0,15.4,95,1014.2,14.5,0.0
2026-01-11,19.8,10.6,100,1014.4,16.9,0.9
2026-01-12,15.3,4.7,84,1018.8,14.7,0.0
2026-01-13,19.2,7.8,82,1015.0,12.4,0.0
2026-01-14,16.4,11.2,96,1006.7,17.1,2.9
2026-01-15,11.8,4.2,98,1005.2,22.6,0.9
2026-01-16,13.3,-2.8,83,1014.6,13.4,0.0
2026-01-17,21.8,2.7,70,1014.0,13.6,0.0
2026-01-18,14.5,2.5,99,1010.7,22.8,11.1
2026-01-19,12.5,-1.7,95,1017.5,10.4,0.0
2026-01-20,16.1,1.4,75,1022.3,14.1,0.0
2026-01-21,19.7,4.2,84,1021.2,11.5,0.0
2026-01-22,23.7,11.3,93,1015.1,13.0,0.0
2026-01-23,25.4,9.5,97,1013.1,10.7,0.0
2026-01-24,21.3,12.8,99,1014.4,16.7,1.0
2026-01-25,28.0,13.2,100,1009.7,28.0,0.0
2026-01-26,21.6,5.7,99,1011.3,20.7,3.6
2026-01-27,10.1,-2.1,55,1022.5,17.8,0.0
2026-01-28,13.7,-0.9,68,1019.2,10.8,0.0
2026-01-29,15.8,-0.5,82,1016.6,14.1,0.0
2026-01-30,19.5,0.7,96,1011.7,13.0,0.0
2026-01-31,11.7,-1.6,84,1008.0,28.9,0.0
2026-02-01,5.2,-5.7,52,1017.0,23.4,0.0
2026-02-02,11.3,-3.9,63,1020.9,11.3,0.0
2026-02-03,16.4,-1.6,86,1020.3,10.1,0.0
2026-02-04,21.0,1.7,87,1015.0,15.8,0.1
2026-02-05,13.2,4.2,99,1009.1,20.7,4.3
2026-02-06,16.1,0.4,91,1010.2,22.0,0.0
2026-02-07,19.7,8.7,87,1011.2,15.7,0.0
2026-02-08,19.8,1.5,74,1017.7,11.4,0.0
2026-02-09,22.5,3.8,95,1017.5,6.9,0.0
2026-02-10,24.1,2.8,89,1016.9,12.9,0.0
2026-02-11,22.1,11.6,97,1014.5,19.0,0.0
2026-02-12,24.0,12.6,100,1012.4,12.6,0.2
2026-02-13,23.8,6.2,98,1013.0,16.5,0.0
2026-02-14,24.8,8.6,98,1013.8,14.2,0.0
2026-02-15,26.3,15.5,97,1007.0,30.0,3.0
2026-02-16,18.8,11.3,99,1008.4,17.3,0.3
2026-02-17,24.1,9.2,95,1014.5,12.4,0.0
2026-02-18,25.9,13.3,97,1011.5,19.1,0.2
2026-02-19,27.7,16.4,100,1008.2,17.6,0.1
2026-02-20,28.5,17.7,99,1007.6,21.0,0.0
2026-02-21,29.2,16.8,100,1009.2,18.9,0.0
2026-02-22,21.2,9.9,98,1009.4,25.5,1.1
2026-02-23,11.6,3.6,47,1015.0,18.9,0.0
2026-02-24,13.5,-0.9,66,1017.1,13.6,0.0
2026-02-25,20.1,1.5,91,1013.5,14.7,0.0
2026-02-26,24.4,6.9,82,1010.4,21.6,0.0
2026-02-27,25.8,13.8,98,1008.1,18.0,10.9
2026-02-28,20.5,14.9,100,1009.3,12.1,0.0
2026-03-01,24.1,12.1,92,1013.5,13.1,0.0
2026-03-02,25.9,11.7,97,1016.0,16.5,0.0
2026-03-03,25.5,14.3,97,1017.6,16.7,0.0
2026-03-04,27.4,14.4,100,1017.0,15.2,0.0
2026-03-05,28.8,16.8,99,1015.5,11.6,7.5
2026-03-06,29.9,18.7,100,1016.2,13.1,1.1
2026-03-07,29.8,18.1,99,1014.9,12.6,0.3
2026-03-08,28.6,17.8,100,1012.1,14.0,5.9
2026-03-09,29.0,19.1,100,1013.3,12.6,0.0
2026-03-10,30.9,16.9,100,1014.5,12.8,0.0
2026-03-11,31.8,17.3,90,1012.5,15.1,0.0
2026-03-12,26.3,17.9,99,1008.8,22.2,6.6
2026-03-13,25.5,12.8,83,1011.9,17.4,0.0
2026-03-14,24.7,14.0,94,1011.7,15.2,0.1
2026-03-15,29.5,17.7,99,1008.7,15.2,25.8
2026-03-16,25.6,11.0,98,1003.9,23.4,7.0
2026-03-17,13.9,3.2,68,1014.1,19.3,0.0
2026-03-18,17.4,3.0,68,1016.6,15.0,0.0
2026-03-19,19.7,6.0,79,1015.6,16.2,0.0
2026-03-20,22.7,7.9,84,1014.3,14.1,0.0
2026-03-21,27.0,8.3,94,1011.7,14.5,0.0
2026-03-22,27.8,12.9,96,1011.2,14.6,0.0
2026-03-23,28.5,14.2,97,1010.7,15.9,0.0
2026-03-24,23.2,15.0,97,1012.5,21.5,0.1
2026-03-25,25.2,15.2,93,1014.5,17.4,1.1
2026-03-26,28.4,15.5,99,1013.8,15.9,0.4
2026-03-27,29.9,16.0,96,1012.3,15.4,0.0
2026-03-28,26.3,14.8,98,1015.6,26.7,0.0
2026-03-29,22.6,15.6,85,1020.4,24.1,0.4
2026-03-30,27.1,14.9,94,1019.2,16.0,0.2
2026-03-31,28.8,16.2,96,1017.4,11.9,0.3
2026-04-01,27.0,15.6,94,1015.6,13.3,0.2
2026-04-02,28.3,16.0,93,1015.1,20.1,0.0
2026-04-03,29.6,18.3,99,1016.1,14.7,7.4
2026-04-04,29.2,18.4,98,1015.4,14.7,0.0
2026-04-05,30.3,17.3,98,1012.2,12.4,0.1
2026-04-06,26.2,16.5,96,1010.0,18.5,0.0
2026-04-07,17.6,13.3,98,1010.2,21.3,10.6
2026-04-08,21.9,16.4,89,1013.3,28.8,4.4
2026-04-09,22.8,15.9,91,1016.5,25.7,1.2
2026-04-10,25.5,15.0,98,1017.1,18.9,0.0
2026-04-11,26.7,13.6,96,1017.5,14.0,0.0
2026-04-12,27.3,12.7,97,1018.6,16.8,0.0
2026-04-13,27.5,13.5,95,1018.5,13.0,0.0
2026-04-14,28.9,14.2,96,1015.8,13.3,0.0
2026-04-15,28.9,14.7,94,1013.8,16.8,0.0
2026-04-16,29.6,14.4,92,1012.8,9.4,0.0
2026-04-17,30.7,14.1,99,1010.6,9.6,0.0
2026-04-18,32.1,14.7,94,1008.9,15.5,0.0
2026-04-19,31.3,17.6,90,1009.4,19.2,0.0
2026-04-20,24.3,13.2,62,1015.0,19.2,0.0
2026-04-21,27.1,9.9,88,1017.3,15.0,0.0
2026-04-22,24.8,13.1,83,1015.8,11.7,0.1
2026-04-23,26.7,12.5,93,1011.4,12.8,0.0
2026-04-24,28.7,15.1,95,1007.1,9.1,0.0
2026-04-25,30.3,15.7,90,1004.3,16.9,0.0
2026-04-26,30.0,17.5,98,1004.4,11.1,1.3
2026-04-27,26.0,18.0,99,1010.1,20.6,0.0
2026-04-28,30.1,15.7,97,1012.5,12.8,0.2
2026-04-29,31.9,17.9,95,1008.3,16.4,0.0
2026-04-30,30.6,21.1,93,1004.2,16.1,1.4
2026-05-01,30.9,20.2,98,1004.4,13.4,0.0
2026-05-02,24.3,16.6,99,1003.9,22.7,9.2
2026-05-03,24.6,12.9,99,1010.6,15.6,0.0
2026-05-04,26.7,13.5,90,1010.1,14.4,0.0
2026-05-05,28.8,15.0,87,1009.0,11.2,0.0
2026-05-06,32.7,17.1,86,1009.2,15.1,0.0
2026-05-07,31.8,20.2,94,1007.5,16.1,0.0
2026-05-08,32.1,21.8,98,1007.2,20.2,8.5
2026-05-09,27.5,19.4,99,1006.7,14.8,3.1
2026-05-10,30.2,20.6,98,1008.7,14.0,0.5
2026-05-11,31.0,20.4,100,1009.7,15.5,1.0
2026-05-12,25.1,20.4,100,1009.1,18.6,26.2
2026-05-13,28.9,18.8,100,1005.6,13.4,1.2
2026-05-14,30.3,19.2,100,1005.1,12.2,0.0
2026-05-15,30.6,14.9,89,1009.6,16.7,0.0
2026-05-16,33.1,19.6,98,1011.8,14.9,1.2
2026-05-17,31.5,21.4,98,1012.6,14.2,0.6
2026-05-18,31.8,19.2,96,1014.6,17.6,0.0
2026-05-19,31.2,21.3,99,1014.4,16.7,4.5
2026-05-20,32.5,19.5,97,1011.7,15.0,0.0
2026-05-21,32.8,21.3,98,1010.1,8.1,1.1
2026-05-22,33.4,22.4,98,1009.8,15.0,0.1
2026-05-23,31.2,23.0,99,1011.3,10.8,7.8
2026-05-24,31.7,22.0,100,1011.8,12.5,4.8
2026-05-25,33.0,22.3,99,1011.0,14.1,2.0
2026-05-26,33.3,22.1,99,1010.9,15.4,4.6
2026-05-27,33.1,22.0,100,1010.3,16.1,11.5
2026-05-28,30.6,22.1,99,1008.6,12.5,9.4
2026-05-29,32.8,22.6,100,1007.3,11.3,8.9
2026-05-30,29.8,23.2,100,1007.0,16.0,20.9
2026-05-31,31.8,22.6,100,1007.6,15.1,4.5
2026-06-01,31.1,23.0,99,1007.5,19.0,3.7
2026-06-02,32.0,22.5,99,1008.0,18.4,3.5
2026-06-03,28.3,20.1,92,1012.9,21.6,0.0
2026-06-04,28.9,17.1,84,1013.5,17.2,0.0
2026-06-05,29.2,17.2,93,1012.3,12.1,0.0
2026-06-06,30.6,18.5,91,1010.9,12.6,0.0
2026-06-07,32.1,19.7,95,1009.9,14.4,0.0
2026-06-08,32.0,20.2,89,1011.9,11.0,0.0
2026-06-09,29.9,21.2,98,1013.3,16.2,2.1
2026-06-10,31.0,22.3,99,1010.7,15.9,3.2
2026-06-11,32.9,21.6,97,1009.4,12.2,2.3
2026-06-12,33.9,23.2,99,1009.4,11.5,1.4
2026-06-13,34.9,23.7,100,1009.3,13.2,6.6
2026-06-14,30.1,23.6,99,1009.1,15.9,5.7
2026-06-15,33.1,24.8,96,1008.2,16.9,6.3
2026-06-16,31.6,23.2,100,1007.5,15.3,7.6
2026-06-17,33.5,22.9,100,1008.0,18.4,1.3
2026-06-18,35.3,24.9,98,1009.2,19.0,1.5
2026-06-19,32.1,24.5,99,1009.8,23.1,11.4
2026-06-20,33.1,22.2,98,1009.3,13.5,4.3
2026-06-21,32.9,21.1,99,1009.4,10.6,5.6
2026-06-22,33.7,21.8,100,1011.8,14.6,1.1
2026-06-23,35.1,24.2,99,1012.0,18.3,2.7
2026-06-24,34.7,24.5,100,1010.2,12.8,0.4
2026-06-25,34.4,21.5,96,1010.3,16.0,1.5
2026-06-26,33.8,22.7,96,1013.2,11.2,1.6
2026-06-27,34.8,22.7,100,1013.2,8.8,6.0
2026-06-28,34.8,22.7,99,1011.1,9.0,3.9
2026-06-29,36.1,23.7,99,1010.7,9.7,2.8
2026-06-30,33.3,23.6,99,1010.2,13.6,8.1
2026-07-01,32.4,23.0,100,1009.9,19.8,3.6
2026-07-02,33.2,21.0,99,1010.6,15.0,0.0
2026-07-03,34.6,23.1,100,1010.8,16.4,1.0
2026-07-04,34.1,23.7,97,1009.7,13.5,0.7
2026-07-05,33.4,23.8,97,1009.0,9.9,7.4
2026-07-06,33.8,24.1,98,1009.9,12.2,5.2
2026-07-07,33.6,23.3,96,1011.5,14.2,1.1
2026-07-08,34.7,23.7,93,1012.4,11.4,0.5
2026-07-09,36.0,23.5,96,1012.2,11.9,0.0
2026-07-10,35.8,23.1,97,1012.5,10.5,2.8
2026-07-11,35.9,21.6,98,1012.9,14.6,2.2
2026-07-12,34.4,23.6,96,1013.3,11.0,3.9
2026-07-13,31.0,23.4,99,1013.1,13.9,8.6
2026-07-14,31.8,23.6,96,1012.4,17.0,1.3
2026-07-15,33.2,22.0,95,1012.0,15.9,0.5
2026-07-16,33.2,23.4,99,1011.1,12.3,4.8
2026-07-17,33.1,22.2,99,1010.8,14.9,1.0
2026-07-18,33.1,21.8,100,1010.1,12.6,0.7
2026-07-19,33.8,23.4,99,1008.0,16.6,2.5
2026-07-20,32.5,24.6,97,1006.8,19.4,7.0
2026-07-21,33.9,25.0,95,1007.5,21.5,1.8
2026-07-22,35.0,23.8,97,1008.8,13.9,0.0
2026-07-23,36.0,23.9,97,1010.8,9.8,0.5
2026-07-24,36.4,24.1,96,1011.6,10.2,0.2
2026-07-25,36.6,24.3,94,1011.0,9.7,0.2
2026-07-26,34.7,24.2,97,1008.0,10.7,2.0
2026-07-27,34.5,23.6,100,1004.9,12.9,4.1
2026-07-28,34.9,23.2,99,1003.8,12.9,1.6
2026-07-29,34.5,25.0,99,1004.0,15.6,1.6
2026-07-30,33.9,24.0,100,1006.7,25.5,30.0
2026-07-31,32.7,22.7,100,1008.5,16.1,2.8
2026-08-01,31.4,22.8,99,1006.8,16.3,14.1
2026-08-02,29.6,22.9,99,1005.7,18.1,16.7
2026-08-03,28.7,22.9,99,1006.1,19.3,15.2
2026-08-04,33.1,23.1,100,1008.5,12.3,1.5
2026-08-05,32.2,22.4,97,1012.2,9.0,3.6
2026-08-06,32.9,22.5,100,1014.2,11.4,12.6
2026-08-07,31.7,22.0,100,1013.4,13.6,2.6
2026-08-08,29.5,23.7,100,1011.9,10.6,7.4
2026-08-09,34.7,23.3,100,1012.4,11.1,2.5
2026-08-10,33.5,23.7,99,1013.9,9.3,1.5
2026-08-11,33.9,23.5,97,1012.7,11.0,0.6
2026-08-12,33.5,24.1,98,1009.7,15.2,2.0
2026-08-13,33.8,22.4,99,1010.3,9.7,4.4
2026-08-14,36.1,23.5,99,1012.8,13.2,2.6
2026-08-15,34.1,23.1,98,1013.8,8.5,1.5
2026-08-16,34.8,24.6,99,1012.4,10.9,7.3
2026-08-17,36.0,24.8,98,1010.5,14.8,0.8
2026-08-18,36.6,23.5,97,1009.3,14.6,2.2
2026-08-19,32.6,22.5,99,1008.4,17.7,18.5
2026-08-20,35.0,22.8,99,1009.4,13.3,4.5
2026-08-21,32.8,22.7,99,1010.0,10.4,2.3
2026-08-22,32.9,22.6,99,1009.1,17.5,10.2
2026-08-23,32.0,22.6,100,1008.5,14.1,4.1
2026-08-24,34.2,23.3,100,1009.2,14.6,6.0
2026-08-25,33.0,23.3,99,1009.9,12.8,18.2
2026-08-26,32.6,22.6,100,1009.9,14.3,13.7
2026-08-27,31.7,21.6,100,1009.1,13.6,10.1
2026-08-28,29.9,22.9,100,1010.1,10.7,8.8
2026-08-29,33.8,22.5,100,1011.5,10.9,5.8
2026-08-30,34.5,23.3,100,1011.0,17.2,1.3
2026-08-31,33.0,23.3,100,1010.6,10.4,3.6
2026-09-01,31.9,23.4,100,1010.2,10.6,9.0
